sku,store_view_code,attribute_set_code,product_type,categories,product_websites,name,description,weight,product_online,tax_class_name,visibility,price,special_price,special_price_from_date,special_price_to_date,url_key,meta_title,meta_keywords,meta_description,base_image,small_image,thumbnail_image,new_from_date,new_to_date,display_product_options_in,map_price,msrp_price,map_enabled,gift_message_available,custom_design,custom_design_from,custom_design_to,custom_layout_update,page_layout,product_options_container,msrp_display_actual_price_type,country_of_manufacture,additional_attributes,qty,out_of_stock_qty,use_config_min_qty,is_qty_decimal,allow_backorders,use_config_backorders,min_cart_qty,use_config_min_sale_qty,max_cart_qty,use_config_max_sale_qty,is_in_stock,notify_on_stock_below,use_config_notify_stock_qty,manage_stock,use_config_manage_stock,use_config_qty_increments,qty_increments,use_config_enable_qty_inc,enable_qty_increments,is_decimal_divided,website_id,related_skus,related_position,crosssell_skus,crosssell_position,upsell_skus,upsell_position,additional_images,additional_image_labels,hide_from_product_page,custom_options,bundle_price_type,bundle_sku_type,bundle_price_view,bundle_weight_type,bundle_values,bundle_shipment_type,configurable_variations,configurable_variation_labels,associated_skus
ASP-B9,,Default,simple,Default Category/Shop Cabinets/Kitchen Cabinets/Aspen White/Base Cabinets,,"Aspen White- 9"" Base Cabinet-9""Wx24""Dx34 1/2""H","Aspen White- 9"" Base Cabinet it measures 9""WX24""DX34.5""H",30,1,0,"Catalog, Search",358.51,154.1593,,,"aspen-white-9""-base-cabinet-9""wx24""dx34-1/2""h-asp-b9""",,,,,,,,,,,,,,,,,,,,,,"free_sample=""No"",is_assemble=""1"",warehouse_zipcode=""31513"",kitchen_cabinet_sort_order=""5""",999,,,,,,,,,,,,,,,,,,,,,,,,,,,,,,,,,,,,,,,
ASP-B12,,Default,simple,Default Category/Shop Cabinets/Kitchen Cabinets/Aspen White/Base Cabinets,,"Aspen White- 12"" Base Cabinet-12""WX24""dX34 1/2""H","Aspen White- 12"" Base Cabinet it measures12""WX24""DX34.5""H",32,1,0,"Catalog, Search",387.95,166.8185,,,"aspen-white-12""-base-cabinet-12""wx24""dx34-1/2""h-asp-b12""",,,,,,,,,,,,,,,,,,,,,,"free_sample=""No"",is_assemble=""1"",warehouse_zipcode=""31513"",kitchen_cabinet_sort_order=""10""",999,,,,,,,,,,,,,,,,,,,,,,,,,,,,,,,,,,,,,,,
ASP-B15,,Default,simple,Default Category/Shop Cabinets/Kitchen Cabinets/Aspen White/Base Cabinets,,"Aspen White- 15"" Base Cabinet-16""WX24""DX34 1/2""H","Aspen White- 15"" Base Cabinet it measures 15""WX24""DX34.5""H",34,1,0,"Catalog, Search",413.87,177.9641,,,"aspen-white-15""-base-cabinet-16""wx24""dx34-1/2""h-asp-b15""",,,,,,,,,,,,,,,,,,,,,,"free_sample=""No"",is_assemble=""1"",warehouse_zipcode=""31513"",kitchen_cabinet_sort_order=""15""",999,,,,,,,,,,,,,,,,,,,,,,,,,,,,,,,,,,,,,,,
ASP-B18,,Default,simple,Default Category/Shop Cabinets/Kitchen Cabinets/Aspen White/Base Cabinets,,"Aspen White- 18"" Base Cabinet-18""WX24""DX34 1/2""H","Aspen White- 18"" Base Cabinet it measures 18""WX24""DX34.5""H",36,1,0,"Catalog, Search",428.95,184.4485,,,"aspen-white-18""-base-cabinet-18""wx24""dx34-1/2""h-asp-b18""",,,,,,,,,,,,,,,,,,,,,,"free_sample=""No"",is_assemble=""1"",warehouse_zipcode=""31513"",kitchen_cabinet_sort_order=""20""",999,,,,,,,,,,,,,,,,,,,,,,,,,,,,,,,,,,,,,,,
ASP-B21,,Default,simple,Default Category/Shop Cabinets/Kitchen Cabinets/Aspen White/Base Cabinets,,"Aspen White- 21"" Base Cabinet-21""WX24""DX34 1/2""H","Aspen White- 21"" Base Cabinet it measures 21""WX24""DX34.5""H",38,1,0,"Catalog, Search",475.73,204.5639,,,"aspen-white-21""-base-cabinet-21""wx24""dx34-1/2""h-asp-b21""",,,,,,,,,,,,,,,,,,,,,,"free_sample=""No"",is_assemble=""1"",warehouse_zipcode=""31513"",kitchen_cabinet_sort_order=""25""",999,,,,,,,,,,,,,,,,,,,,,,,,,,,,,,,,,,,,,,,
ASP-B24,,Default,simple,Default Category/Shop Cabinets/Kitchen Cabinets/Aspen White/Base Cabinets,,"Aspen White- 24"" Base Cabinet-24""WX24""DX34 1/2""H","Aspen White- 24"" Base Cabinet it measures 24""WX24""DX34.5""H",40,1,0,"Catalog, Search",522.14,224.5202,,,"aspen-white-24""-base-cabinet-24""wx24""dx34-1/2""h-asp-b24""",,,,,,,,,,,,,,,,,,,,,,"free_sample=""No"",is_assemble=""1"",warehouse_zipcode=""31513"",kitchen_cabinet_sort_order=""30""",999,,,,,,,,,,,,,,,,,,,,,,,,,,,,,,,,,,,,,,,
ASP-B27,,Default,simple,Default Category/Shop Cabinets/Kitchen Cabinets/Aspen White/Base Cabinets,,"Aspen White- 27"" Base Cabinet-27""WX24""DX34 1/2""H","Aspen White- 27"" Base Cabinet it measures 27""WX24""DX34.5""H",42,1,0,"Catalog, Search",568.51,244.4593,,,"aspen-white-27""-base-cabinet-27""wx24""dx34-1/2""h-asp-b27""",,,,,,,,,,,,,,,,,,,,,,"free_sample=""No"",is_assemble=""1"",warehouse_zipcode=""31513"",kitchen_cabinet_sort_order=""35""",999,,,,,,,,,,,,,,,,,,,,,,,,,,,,,,,,,,,,,,,
ASP-B30,,Default,simple,Default Category/Shop Cabinets/Kitchen Cabinets/Aspen White/Base Cabinets,,"Aspen White- 30"" Base Cabinet-30""WX24""DX34 1/2""H","Aspen White- 30"" Base Cabinet it measures 30""WX24""DX34.5""H",44,1,0,"Catalog, Search",645.41,277.5263,,,"aspen-white-30""-base-cabinet-30""wx24""dx34-1/2""h-asp-b30""",,,,,,,,,,,,,,,,,,,,,,"free_sample=""No"",is_assemble=""1"",warehouse_zipcode=""31513"",kitchen_cabinet_sort_order=""40""",999,,,,,,,,,,,,,,,,,,,,,,,,,,,,,,,,,,,,,,,
ASP-B33,,Default,simple,Default Category/Shop Cabinets/Kitchen Cabinets/Aspen White/Base Cabinets,,"Aspen White- 33"" Base Cabinet-33""WX24""DX 341/2""H","Aspen White- 33"" Base Cabinet it measures 33""WX24""DX34.5""H",46,1,0,"Catalog, Search",673.47,289.5921,,,"aspen-white-33""-base-cabinet-33""wx24""dx-341/2""h-asp-b33""",,,,,,,,,,,,,,,,,,,,,,"free_sample=""No"",is_assemble=""1"",warehouse_zipcode=""31513"",kitchen_cabinet_sort_order=""45""",999,,,,,,,,,,,,,,,,,,,,,,,,,,,,,,,,,,,,,,,
ASP-B36,,Default,simple,Default Category/Shop Cabinets/Kitchen Cabinets/Aspen White/Base Cabinets,,"Aspen White- 36"" Base Cabinet-36""WX24'DX 34 1/2""H","Aspen White- 36"" Base Cabinet it measures 36""WX34""DX34.5""H",48,1,0,"Catalog, Search",706.4,303.752,,,"aspen-white-36""-base-cabinet-36""wx24'dx-34-1/2""h-asp-b36""",,,,,,,,,,,,,,,,,,,,,,"free_sample=""No"",is_assemble=""1"",warehouse_zipcode=""31513"",kitchen_cabinet_sort_order=""50""",999,,,,,,,,,,,,,,,,,,,,,,,,,,,,,,,,,,,,,,,
ASP-B39,,Default,simple,Default Category/Shop Cabinets/Kitchen Cabinets/Aspen White/Base Cabinets,,"Aspen White- 39"" Base Cabinet-39""WX24""DX34 1/2""H","Aspen White- 39"" Base Cabinet it measures 39""WX24""DX34.5""H",50,1,0,"Catalog, Search",754.15,324.2845,,,"aspen-white-39""-base-cabinet-39""wx24""dx34-1/2""h-asp-b39""",,,,,,,,,,,,,,,,,,,,,,"free_sample=""No"",is_assemble=""1"",warehouse_zipcode=""31513"",kitchen_cabinet_sort_order=""55""",999,,,,,,,,,,,,,,,,,,,,,,,,,,,,,,,,,,,,,,,
ASP-B42,,Default,simple,Default Category/Shop Cabinets/Kitchen Cabinets/Aspen White/Base Cabinets,,"Aspen White- 42"" Base Cabinet-42""WX24""DX34 1/2""H","Aspen White- 42"" Base Cabinet it measures 42""WX24""DX34.5""H",52,1,0,"Catalog, Search",778.4,334.712,,,"aspen-white-42""-base-cabinet-42""wx24""dx34-1/2""h-asp-b42""",,,,,,,,,,,,,,,,,,,,,,"free_sample=""No"",is_assemble=""1"",warehouse_zipcode=""31513"",kitchen_cabinet_sort_order=""60""",999,,,,,,,,,,,,,,,,,,,,,,,,,,,,,,,,,,,,,,,
ASP-B48,,Default,simple,Default Category/Shop Cabinets/Kitchen Cabinets/Aspen White/Base Cabinets,,"Aspen White- 48"" Base Cabinet-48""WX24""DX34 1/2""H","Aspen White- 48"" Base Cabinet it measures 48""WX24""DX34.5""H",54,1,0,"Catalog, Search",833.28,358.3104,,,"aspen-white-48""-base-cabinet-48""wx24""dx34-1/2""h-asp-b48""",,,,,,,,,,,,,,,,,,,,,,"free_sample=""No"",is_assemble=""1"",warehouse_zipcode=""31513"",kitchen_cabinet_sort_order=""65""",999,,,,,,,,,,,,,,,,,,,,,,,,,,,,,,,,,,,,,,,
ASP-BA24,,Default,simple,Default Category/Shop Cabinets/Kitchen Cabinets/Aspen White/Base Cabinets,,Aspen White- Base Angle Cabinet,Aspen White- Base Angle Cabinet it has 1 full depth adjustable shelf,35,1,0,"Catalog, Search",579.47,249.1721,,,"aspen-white-base-angle-cabinet-asp-ba24""",,,,,,,,,,,,,,,,,,,,,,"free_sample=""No"",is_assemble=""1"",warehouse_zipcode=""31513"",kitchen_cabinet_sort_order=""70""",999,,,,,,,,,,,,,,,,,,,,,,,,,,,,,,,,,,,,,,,
ASP-BBC36,,Default,simple,Default Category/Shop Cabinets/Kitchen Cabinets/Aspen White/Base Cabinets,,"Aspen White- Blind Corner Base Unit-36""HX24""DX34 1/2""H","Aspen White- Blind Corner Base Unit it measures36""WX24""DX34.5""H may be used as Right ofr Left set up",58,1,0,"Catalog, Search",629.16,270.5388,,,"aspen-white-blind-corner-base-unit-36""hx24""dx34-1/2""h-asp-bbc36""",,,,,,,,,,,,,,,,,,,,,,"free_sample=""No"",is_assemble=""1"",warehouse_zipcode=""31513"",kitchen_cabinet_sort_order=""75""",999,,,,,,,,,,,,,,,,,,,,,,,,,,,,,,,,,,,,,,,
ASP-BSD6,,Default,simple,Default Category/Shop Cabinets/Kitchen Cabinets/Aspen White/Base Cabinets,,Aspen White- Base Spice Cabinet,"Aspen White- Base Spice Cabinet it measures 6""WX24""DX34.5""H",18,1,0,"Catalog, Search",412.61,177.4223,,,"aspen-white-base-spice-cabinet-asp-bsd6""",,,,,,,,,,,,,,,,,,,,,,"free_sample=""No"",is_assemble=""1"",warehouse_zipcode=""31513"",kitchen_cabinet_sort_order=""80""",999,,,,,,,,,,,,,,,,,,,,,,,,,,,,,,,,,,,,,,,
ASP-CDB36,,Default,simple,Default Category/Shop Cabinets/Kitchen Cabinets/Aspen White/Base Cabinets,,"Aspen White- Corner 3 Drawer Base-36""WX24""DX34 1/2""H","Aspen White- Corner 3 D Base Cabinet it measures36x34 1/2""H",38,1,0,"Catalog, Search",935.76,402.3768,,,"aspen-white-corner-3-drawer-base-36""wx24""dx34-1/2""h-asp-cdb36""",,,,,,,,,,,,,,,,,,,,,,"free_sample=""No"",is_assemble=""1"",warehouse_zipcode=""31513"",kitchen_cabinet_sort_order=""85""",999,,,,,,,,,,,,,,,,,,,,,,,,,,,,,,,,,,,,,,,
ASP-DB12,,Default,simple,Default Category/Shop Cabinets/Kitchen Cabinets/Aspen White/Base Cabinets,,"Aspen White- Three Drawer Base-12""WX24""DX34 1/2""H","Aspen White- Three Drawer Base 12"" it measures 12""WX24""DX34.5""H has 3 Drawers",32,1,0,"Catalog, Search",684.39,294.2877,,,"aspen-white-three-drawer-base-12""wx24""dx34-1/2""h-asp-db12""",,,,,,,,,,,,,,,,,,,,,,"free_sample=""No"",is_assemble=""1"",warehouse_zipcode=""31513"",kitchen_cabinet_sort_order=""90""",999,,,,,,,,,,,,,,,,,,,,,,,,,,,,,,,,,,,,,,,
ASP-DB15,,Default,simple,Default Category/Shop Cabinets/Kitchen Cabinets/Aspen White/Base Cabinets,,"Aspen White- Three Drawer Base-15""WX24""DX34 1/2""H","Aspen White- Three Drawer Base 15"" it measures 15""WX24""DX34.5""H has 3 drawers",34,1,0,"Catalog, Search",709.04,304.8872,,,"aspen-white-three-drawer-base-15""wx24""dx34-1/2""h-asp-db15""",,,,,,,,,,,,,,,,,,,,,,"free_sample=""No"",is_assemble=""1"",warehouse_zipcode=""31513"",kitchen_cabinet_sort_order=""95""",999,,,,,,,,,,,,,,,,,,,,,,,,,,,,,,,,,,,,,,,
ASP-DB18,,Default,simple,Default Category/Shop Cabinets/Kitchen Cabinets/Aspen White/Base Cabinets,,"Aspen White- Three Drawer Base-18""WX24""DX34 1/2""H","Aspen White- Three Drawer Base 18"" it measures 18""WX24""DX34.5""H has 3 Drawers",36,1,0,"Catalog, Search",723.66,311.1738,,,"aspen-white-three-drawer-base-18""wx24""dx34-1/2""h-asp-db18""",,,,,,,,,,,,,,,,,,,,,,"free_sample=""No"",is_assemble=""1"",warehouse_zipcode=""31513"",kitchen_cabinet_sort_order=""100""",999,,,,,,,,,,,,,,,,,,,,,,,,,,,,,,,,,,,,,,,
ASP-DB21,,Default,simple,Default Category/Shop Cabinets/Kitchen Cabinets/Aspen White/Base Cabinets,,"Aspen White- Three Drawer Base-21""WX24""DX34 1/2""H","Aspen White- Three Drawer Base  21"" it measures 21""WX24""DX34.5""H has 3 drawers",38,1,0,"Catalog, Search",782.5,336.475,,,"aspen-white-three-drawer-base-21""wx24""dx34-1/2""h-asp-db21""",,,,,,,,,,,,,,,,,,,,,,"free_sample=""No"",is_assemble=""1"",warehouse_zipcode=""31513"",kitchen_cabinet_sort_order=""105""",999,,,,,,,,,,,,,,,,,,,,,,,,,,,,,,,,,,,,,,,
ASP-DB24,,Default,simple,Default Category/Shop Cabinets/Kitchen Cabinets/Aspen White/Base Cabinets,,"Aspen White- Three Drawer Base-24""WX24""DX34 1/2""H","Aspen White- Three Drawer Base  24"" it measures 24""WX24""DX34.5""H has 3 Drawers",40,1,0,"Catalog, Search",832.61,358.0223,,,"aspen-white-three-drawer-base-24""wx24""dx34-1/2""h-asp-db24""",,,,,,,,,,,,,,,,,,,,,,"free_sample=""No"",is_assemble=""1"",warehouse_zipcode=""31513"",kitchen_cabinet_sort_order=""110""",999,,,,,,,,,,,,,,,,,,,,,,,,,,,,,,,,,,,,,,,
ASP-DB30,,Default,simple,Default Category/Shop Cabinets/Kitchen Cabinets/Aspen White/Base Cabinets,,"Aspen White- Three Drawer Base-30""WX24""DX34 1/2""H","Aspen White- Three Drawer Base 30""  it measures 30""WX24""WX34.5""H has 3 Drawers ",42,1,0,"Catalog, Search",994.43,427.6049,,,"aspen-white-three-drawer-base-30""wx24""dx34-1/2""h-asp-db30""",,,,,,,,,,,,,,,,,,,,,,"free_sample=""No"",is_assemble=""1"",warehouse_zipcode=""31513"",kitchen_cabinet_sort_order=""115""",999,,,,,,,,,,,,,,,,,,,,,,,,,,,,,,,,,,,,,,,
ASP-DB36,,Default,simple,Default Category/Shop Cabinets/Kitchen Cabinets/Aspen White/Base Cabinets,,"Aspen White- Three Drawer Base-36""WX24""DX34 1/2""H","Aspen White- Three Drawer Base 36""  it measures 36""WX24""DX34.5""H has 3 Drawers",48,1,0,"Catalog, Search",1131.86,486.6998,,,"aspen-white-three-drawer-base-36""wx24""dx34-1/2""h-asp-db36""",,,,,,,,,,,,,,,,,,,,,,"free_sample=""No"",is_assemble=""1"",warehouse_zipcode=""31513"",kitchen_cabinet_sort_order=""120""",999,,,,,,,,,,,,,,,,,,,,,,,,,,,,,,,,,,,,,,,
ASP-DCSB36,,Default,simple,Default Category/Shop Cabinets/Kitchen Cabinets/Aspen White/Base Cabinets,,"Aspen White- Diagonal Sink Base 36""","Aspen White- Diagonal Sink Base 36"" it measures 36""WX24""DX34.5""H has no Shelves or Drawers",36,1,0,"Catalog, Search",521.43,224.2149,,,"aspen-white-diagonal-sink-base-36""-asp-dcsb36""",,,,,,,,,,,,,,,,,,,,,,"free_sample=""No"",is_assemble=""1"",warehouse_zipcode=""31513"",kitchen_cabinet_sort_order=""125""",999,,,,,,,,,,,,,,,,,,,,,,,,,,,,,,,,,,,,,,,
ASP-LS3612,,Default,simple,Default Category/Shop Cabinets/Kitchen Cabinets/Aspen White/Base Cabinets,,"Aspen White- Lazy Susan Corner Base 36""","Aspen White- Lazy Susan Corner Base 36"" it measures 36""W24""DX34.5""H has turntable inside",60,1,0,"Catalog, Search",1127.36,484.7648,,,"aspen-white-lazy-susan-corner-base-36""-asp-ls3612""",,,,,,,,,,,,,,,,,,,,,,"free_sample=""No"",is_assemble=""1"",warehouse_zipcode=""31513"",kitchen_cabinet_sort_order=""130""",999,,,,,,,,,,,,,,,,,,,,,,,,,,,,,,,,,,,,,,,
ASP-SB36,,Default,simple,Default Category/Shop Cabinets/Kitchen Cabinets/Aspen White/Base Cabinets,,"Aspen White- Sink Base 36""-36""WX24""DX34 1/2""H","Aspen White- Sink Base 36"" it measures 36""WX24""DX34.5""H",44,1,0,"Catalog, Search",659.9,283.757,,,"aspen-white-sink-base-36""-36""wx24""dx34-1/2""h-asp-sb36""",,,,,,,,,,,,,,,,,,,,,,"free_sample=""No"",is_assemble=""1"",warehouse_zipcode=""31513"",kitchen_cabinet_sort_order=""135""",999,,,,,,,,,,,,,,,,,,,,,,,,,,,,,,,,,,,,,,,
ASP-TB09,,Default,simple,Default Category/Shop Cabinets/Kitchen Cabinets/Aspen White/Base Cabinets,,"Aspen White- Full Height Door Base 9""-9""WX24""DX34 1/2""H","Aspen White- Full Height Door Base 9"" it measures 9""WX24""DX34.5""H has no Drawer",30,1,0,"Catalog, Search",358.51,154.1593,,,"aspen-white-full-height-door-base-9""-9""wx24""dx34-1/2""h-asp-tb09""",,,,,,,,,,,,,,,,,,,,,,"free_sample=""No"",is_assemble=""1"",warehouse_zipcode=""31513"",kitchen_cabinet_sort_order=""140""",999,,,,,,,,,,,,,,,,,,,,,,,,,,,,,,,,,,,,,,,
ASP-MW3030,,Default,simple,Default Category/Shop Cabinets/Kitchen Cabinets/Aspen White/Wall Cabinets,,"Aspen White- Microwave Shelf Cabinet 30""x30""","Aspen White- Microwave Shelf Cabinet 30""x30"" it measures 30""WX18'DX30""H designed for counter installation has 2 doors",22,1,0,"Catalog, Search",530.92,228.2956,,,"aspen-white-microwave-shelf-cabinet-30""x30""-asp-mw3030""",,,,,,,,,,,,,,,,,,,,,,"free_sample=""No"",is_assemble=""1"",warehouse_zipcode=""31513"",kitchen_cabinet_sort_order=""145""",999,,,,,,,,,,,,,,,,,,,,,,,,,,,,,,,,,,,,,,,
ASP-MW3036,,Default,simple,Default Category/Shop Cabinets/Kitchen Cabinets/Aspen White/Wall Cabinets,,"Aspen White- Microwave Shelf Cabinet 30""x36""","Aspen White- Microwave Shelf Cabinet 30""x36"" it measures 30""WX18'DX36""H designed for counter installation has 2 doors",24,1,0,"Catalog, Search",559.4,240.542,,,"aspen-white-microwave-shelf-cabinet-30""x36""-asp-mw3036""",,,,,,,,,,,,,,,,,,,,,,"free_sample=""No"",is_assemble=""1"",warehouse_zipcode=""31513"",kitchen_cabinet_sort_order=""150""",999,,,,,,,,,,,,,,,,,,,,,,,,,,,,,,,,,,,,,,,
ASP-MW3042,,Default,simple,Default Category/Shop Cabinets/Kitchen Cabinets/Aspen White/Wall Cabinets,,"Aspen White- Microwave Shelf Cabinet 30""x42""","Aspen White- Microwave Shelf Cabinet 30""x42"" it measures 30""WX18'DX42""H designed for counter installation has 2 doors",26,1,0,"Catalog, Search",599.63,257.8409,,,"aspen-white-microwave-shelf-cabinet-30""x42""-asp-mw3042""",,,,,,,,,,,,,,,,,,,,,,"free_sample=""No"",is_assemble=""1"",warehouse_zipcode=""31513"",kitchen_cabinet_sort_order=""155""",999,,,,,,,,,,,,,,,,,,,,,,,,,,,,,,,,,,,,,,,
ASP-W0930,,Default,simple,Default Category/Shop Cabinets/Kitchen Cabinets/Aspen White/Wall Cabinets,,"Aspen White- Walll Cabinet 9""x30""","Aspen White- Walll Cabinet 9""x30"" it measures 9""WX12""DX30""H and has 2 shelves",28,1,0,"Catalog, Search",223.19,95.9717,,,"aspen-white-walll-cabinet-9""x30""-asp-w0930""",,,,,,,,,,,,,,,,,,,,,,"free_sample=""No"",is_assemble=""1"",warehouse_zipcode=""31513"",kitchen_cabinet_sort_order=""160""",999,,,,,,,,,,,,,,,,,,,,,,,,,,,,,,,,,,,,,,,
ASP-W0936,,Default,simple,Default Category/Shop Cabinets/Kitchen Cabinets/Aspen White/Wall Cabinets,,"Aspen White- Wall Cabinet 9""x36""","Aspen White- Walll Cabinet 9""x30"" it measures 9""WX12""DX36""H and has 2 shelves",30,1,0,"Catalog, Search",253.3,108.919,,,"aspen-white-wall-cabinet-9""x36""-asp-w0936""",,,,,,,,,,,,,,,,,,,,,,"free_sample=""No"",is_assemble=""1"",warehouse_zipcode=""31513"",kitchen_cabinet_sort_order=""165""",999,,,,,,,,,,,,,,,,,,,,,,,,,,,,,,,,,,,,,,,
ASP-W0942,,Default,simple,Default Category/Shop Cabinets/Kitchen Cabinets/Aspen White/Wall Cabinets,,"Aspen White- Wall Cabinet9""x42""","Aspen White- Walll Cabinet 9""x30"" it measures 9""WX12""DX42""H and has 3 shelves",32,1,0,"Catalog, Search",278.04,119.5572,,,"aspen-white-wall-cabinet9""x42""-asp-w0942""",,,,,,,,,,,,,,,,,,,,,,"free_sample=""No"",is_assemble=""1"",warehouse_zipcode=""31513"",kitchen_cabinet_sort_order=""170""",999,,,,,,,,,,,,,,,,,,,,,,,,,,,,,,,,,,,,,,,
ASP-W1212BG,,Default,simple,Default Category/Shop Cabinets/Kitchen Cabinets/Aspen White/Wall Cabinets,,"Aspen White- Beveled Glass 12""x12""","Aspen White- Beveled Glass 12""x12"" it measures 12""WX12""DX12""H with Glass Door",16,1,0,"Catalog, Search",245.62,105.6166,,,"aspen-white-beveled-glass-12""x12""-asp-w1212bg""",,,,,,,,,,,,,,,,,,,,,,"free_sample=""No"",is_assemble=""1"",warehouse_zipcode=""31513"",kitchen_cabinet_sort_order=""175""",999,,,,,,,,,,,,,,,,,,,,,,,,,,,,,,,,,,,,,,,
ASP-W1230,,Default,simple,Default Category/Shop Cabinets/Kitchen Cabinets/Aspen White/Wall Cabinets,,"Aspen White- Walll Cabinet 12""x30""","Aspen White- Walll Cabinet 12""x30"" it measures 12""WX12""DX30""H has 2 Shelves",30,1,0,"Catalog, Search",260.86,112.1698,,,"aspen-white-walll-cabinet-12""x30""-asp-w1230""",,,,,,,,,,,,,,,,,,,,,,"free_sample=""No"",is_assemble=""1"",warehouse_zipcode=""31513"",kitchen_cabinet_sort_order=""180""",999,,,,,,,,,,,,,,,,,,,,,,,,,,,,,,,,,,,,,,,
ASP-W1236,,Default,simple,Default Category/Shop Cabinets/Kitchen Cabinets/Aspen White/Wall Cabinets,,"Aspen White- Walll Cabinet 12""x36""","Aspen White- Walll Cabinet 12""x36"" it measures 12""WX12""DX36""H has 2 Shelves",32,1,0,"Catalog, Search",304.42,130.9006,,,"aspen-white-walll-cabinet-12""x36""-asp-w1236""",,,,,,,,,,,,,,,,,,,,,,"free_sample=""No"",is_assemble=""1"",warehouse_zipcode=""31513"",kitchen_cabinet_sort_order=""185""",999,,,,,,,,,,,,,,,,,,,,,,,,,,,,,,,,,,,,,,,
ASP-W1242,,Default,simple,Default Category/Shop Cabinets/Kitchen Cabinets/Aspen White/Wall Cabinets,,"Aspen White- Walll Cabinet 12""x42""","Aspen White- Walll Cabinet 12""x42"" it measures 12""WX12""DX42""H has 3 Shelves",34,1,0,"Catalog, Search",330.62,142.1666,,,"aspen-white-walll-cabinet-12""x42""-asp-w1242""",,,,,,,,,,,,,,,,,,,,,,"free_sample=""No"",is_assemble=""1"",warehouse_zipcode=""31513"",kitchen_cabinet_sort_order=""190""",999,,,,,,,,,,,,,,,,,,,,,,,,,,,,,,,,,,,,,,,
ASP-W1512BG,,Default,simple,Default Category/Shop Cabinets/Kitchen Cabinets/Aspen White/Wall Cabinets,,"Aspen White- Beveled Glass 15""x12""","Aspen White- Beveled Glass 15""x12"" it measures 15""WX12""DX12""H has Glass Doors",18,1,0,"Catalog, Search",253.05,108.8115,,,"aspen-white-beveled-glass-15""x12""-asp-w1512bg""",,,,,,,,,,,,,,,,,,,,,,"free_sample=""No"",is_assemble=""1"",warehouse_zipcode=""31513"",kitchen_cabinet_sort_order=""195""",999,,,,,,,,,,,,,,,,,,,,,,,,,,,,,,,,,,,,,,,
ASP-W1530,,Default,simple,Default Category/Shop Cabinets/Kitchen Cabinets/Aspen White/Wall Cabinets,,"Aspen White- Wall Cabinet 15""x30""","Aspen White- Wall Cabinet 15""x30"" it measures 15""WX12""DX30""H has 2 shelves",32,1,0,"Catalog, Search",298.91,128.5313,,,"aspen-white-wall-cabinet-15""x30""-asp-w1530""",,,,,,,,,,,,,,,,,,,,,,"free_sample=""No"",is_assemble=""1"",warehouse_zipcode=""31513"",kitchen_cabinet_sort_order=""200""",999,,,,,,,,,,,,,,,,,,,,,,,,,,,,,,,,,,,,,,,
ASP-W1536,,Default,simple,Default Category/Shop Cabinets/Kitchen Cabinets/Aspen White/Wall Cabinets,,"Aspen White- Wall Cabinet 15""x36""","Aspen White- Wall Cabinet 15""x36"" it measures 15""WX12""DX36""H has 2 shelves",34,1,0,"Catalog, Search",353.6,152.048,,,"aspen-white-wall-cabinet-15""x36""-asp-w1536""",,,,,,,,,,,,,,,,,,,,,,"free_sample=""No"",is_assemble=""1"",warehouse_zipcode=""31513"",kitchen_cabinet_sort_order=""205""",999,,,,,,,,,,,,,,,,,,,,,,,,,,,,,,,,,,,,,,,
ASP-W1542,,Default,simple,Default Category/Shop Cabinets/Kitchen Cabinets/Aspen White/Wall Cabinets,,"Aspen White- Wall Cabinet 15""x42""","Aspen White- Wall Cabinet 15""x42"" it measures 15""WX12""DX42""H has 3 shelves",36,1,0,"Catalog, Search",381.11,163.8773,,,"aspen-white-wall-cabinet-15""x42""-asp-w1542""",,,,,,,,,,,,,,,,,,,,,,"free_sample=""No"",is_assemble=""1"",warehouse_zipcode=""31513"",kitchen_cabinet_sort_order=""210""",999,,,,,,,,,,,,,,,,,,,,,,,,,,,,,,,,,,,,,,,
ASP-W1812BG,,Default,simple,Default Category/Shop Cabinets/Kitchen Cabinets/Aspen White/Wall Cabinets,,"Aspen White- Beveled  Glass 18""x12""","Aspen White- Beveled  Glass 18""x12"" it measures 18""WX12""DX12""H with Glass Door",20,1,0,"Catalog, Search",266.66,114.6638,,,"aspen-white-beveled-glass-18""x12""-asp-w1812bg""",,,,,,,,,,,,,,,,,,,,,,"free_sample=""No"",is_assemble=""1"",warehouse_zipcode=""31513"",kitchen_cabinet_sort_order=""215""",999,,,,,,,,,,,,,,,,,,,,,,,,,,,,,,,,,,,,,,,
ASP-W1830,,Default,simple,Default Category/Shop Cabinets/Kitchen Cabinets/Aspen White/Wall Cabinets,,"Aspen White- Wall Cabinet 18""x30""","Aspen White- Wall Cabinet 18""x30"" it measures 18""WX12""DX30""H with 2 shelves",34,1,0,"Catalog, Search",345.83,148.7069,,,"aspen-white-wall-cabinet-18""x30""-asp-w1830""",,,,,,,,,,,,,,,,,,,,,,"free_sample=""No"",is_assemble=""1"",warehouse_zipcode=""31513"",kitchen_cabinet_sort_order=""220""",999,,,,,,,,,,,,,,,,,,,,,,,,,,,,,,,,,,,,,,,
ASP-W1836,,Default,simple,Default Category/Shop Cabinets/Kitchen Cabinets/Aspen White/Wall Cabinets,,"Aspen White- Wall cabinent 18""x36""","Aspen White- Wall Cabinet 18""x36"" it measures 18""WX12""DX36""H with 2 shelves",36,1,0,"Catalog, Search",402.82,173.2126,,,"aspen-white-wall-cabinent-18""x36""-asp-w1836""",,,,,,,,,,,,,,,,,,,,,,"free_sample=""No"",is_assemble=""1"",warehouse_zipcode=""31513"",kitchen_cabinet_sort_order=""225""",999,,,,,,,,,,,,,,,,,,,,,,,,,,,,,,,,,,,,,,,
ASP-W1842,,Default,simple,Default Category/Shop Cabinets/Kitchen Cabinets/Aspen White/Wall Cabinets,,"Aspen White- Wall Cabinet 18""x42""","Aspen White- Wall Cabinet 18""x42"" it measures 18""WX12""DX42""H with 3 shelves",38,1,0,"Catalog, Search",434.83,186.9769,,,"aspen-white-wall-cabinet-18""x42""-asp-w1842""",,,,,,,,,,,,,,,,,,,,,,"free_sample=""No"",is_assemble=""1"",warehouse_zipcode=""31513"",kitchen_cabinet_sort_order=""230""",999,,,,,,,,,,,,,,,,,,,,,,,,,,,,,,,,,,,,,,,
ASP-W2112BG,,Default,simple,Default Category/Shop Cabinets/Kitchen Cabinets/Aspen White/Wall Cabinets,,Aspen White- Wall Cabinet Bevveled Glass,"Aspen White- Beveled  Glass 21""x12"" it measures 21""WX12""DX12""H with Glass Door",22,1,0,"Catalog, Search",307.82,132.3626,,,"aspen-white-wall-cabinet-bevveled-glass-asp-w2112bg""",,,,,,,,,,,,,,,,,,,,,,"free_sample=""No"",is_assemble=""1"",warehouse_zipcode=""31513"",kitchen_cabinet_sort_order=""235""",999,,,,,,,,,,,,,,,,,,,,,,,,,,,,,,,,,,,,,,,
ASP-W2130,,Default,simple,Default Category/Shop Cabinets/Kitchen Cabinets/Aspen White/Wall Cabinets,,"Aspen White- Wall Cabinet 21""x30""","Aspen White- Wall Cabinet 21""x30"" it measures 21""WX12""DX30""H with 2 Shelves",36,1,0,"Catalog, Search",389.38,167.4334,,,"aspen-white-wall-cabinet-21""x30""-asp-w2130""",,,,,,,,,,,,,,,,,,,,,,"free_sample=""No"",is_assemble=""1"",warehouse_zipcode=""31513"",kitchen_cabinet_sort_order=""240""",999,,,,,,,,,,,,,,,,,,,,,,,,,,,,,,,,,,,,,,,
ASP-W2136,,Default,simple,Default Category/Shop Cabinets/Kitchen Cabinets/Aspen White/Wall Cabinets,,"Aspen White- Wall Cabinet 21""x36""","Aspen White- Wall Cabinet 21""x36"" it measures 21""WX12""DX36""H with 2 Shelves",38,1,0,"Catalog, Search",444.49,191.1307,,,"aspen-white-wall-cabinet-21""x36""-asp-w2136""",,,,,,,,,,,,,,,,,,,,,,"free_sample=""No"",is_assemble=""1"",warehouse_zipcode=""31513"",kitchen_cabinet_sort_order=""245""",999,,,,,,,,,,,,,,,,,,,,,,,,,,,,,,,,,,,,,,,
ASP-W2142,,Default,simple,Default Category/Shop Cabinets/Kitchen Cabinets/Aspen White/Wall Cabinets,,"Aspen White- Wall Cabinet 21""x42""","Aspen White- Wall Cabinet 21""x42"" it measures 21""WX12""DX42""H with 3 Shelves",40,1,0,"Catalog, Search",489.68,210.5624,,,"aspen-white-wall-cabinet-21""x42""-asp-w2142""",,,,,,,,,,,,,,,,,,,,,,"free_sample=""No"",is_assemble=""1"",warehouse_zipcode=""31513"",kitchen_cabinet_sort_order=""250""",999,,,,,,,,,,,,,,,,,,,,,,,,,,,,,,,,,,,,,,,
ASP-W2412BG,,Default,simple,Default Category/Shop Cabinets/Kitchen Cabinets/Aspen White/Wall Cabinets,,Aspen White- Wall Cabinet Beveled glass,"Aspen White- Beveled  Glass 24""x12"" it measures 24""WX12""DX12""H with Glass Door",24,1,0,"Catalog, Search",329.28,141.5904,,,"aspen-white-wall-cabinet-beveled-glass-asp-w2412bg""",,,,,,,,,,,,,,,,,,,,,,"free_sample=""No"",is_assemble=""1"",warehouse_zipcode=""31513"",kitchen_cabinet_sort_order=""255""",999,,,,,,,,,,,,,,,,,,,,,,,,,,,,,,,,,,,,,,,
ASP-W2430,,Default,simple,Default Category/Shop Cabinets/Kitchen Cabinets/Aspen White/Wall Cabinets,,"Aspen White- Wall Cabinet 24""x30""","Aspen White- Wall Cabinet 24""x30"" it measures 24""WX12""DX30""H with 2 Shelves",38,1,0,"Catalog, Search",440.5,189.415,,,"aspen-white-wall-cabinet-24""x30""-asp-w2430""",,,,,,,,,,,,,,,,,,,,,,"free_sample=""No"",is_assemble=""1"",warehouse_zipcode=""31513"",kitchen_cabinet_sort_order=""260""",999,,,,,,,,,,,,,,,,,,,,,,,,,,,,,,,,,,,,,,,
ASP-W2436,,Default,simple,Default Category/Shop Cabinets/Kitchen Cabinets/Aspen White/Wall Cabinets,,"Aspen White- Wall Cabinet 24""x36""","Aspen White- Wall Cabinet 24""x36"" it measures 24""WX12""DX36""H with 2 Shelves",40,1,0,"Catalog, Search",500.98,215.4214,,,"aspen-white-wall-cabinet-24""x36""-asp-w2436""",,,,,,,,,,,,,,,,,,,,,,"free_sample=""No"",is_assemble=""1"",warehouse_zipcode=""31513"",kitchen_cabinet_sort_order=""265""",999,,,,,,,,,,,,,,,,,,,,,,,,,,,,,,,,,,,,,,,
ASP-W2442,,Default,simple,Default Category/Shop Cabinets/Kitchen Cabinets/Aspen White/Wall Cabinets,,"Aspen White- Wall Cabinet 24""x42""","Aspen White- Wall Cabinet 24""x42"" it measures 24""WX12""DX42""H with 3 Shelves",42,1,0,"Catalog, Search",550.7,236.801,,,"aspen-white-wall-cabinet-24""x42""-asp-w2442""",,,,,,,,,,,,,,,,,,,,,,"free_sample=""No"",is_assemble=""1"",warehouse_zipcode=""31513"",kitchen_cabinet_sort_order=""270""",999,,,,,,,,,,,,,,,,,,,,,,,,,,,,,,,,,,,,,,,
ASP-W2712BG,,Default,simple,Default Category/Shop Cabinets/Kitchen Cabinets/Aspen White/Wall Cabinets,,Aspen White- Wall Cabinet Beveled Glass-,"Aspen White- Beveled  Glass 27""x12"" it measures 27""WX12""DX12""H with Glass Door",24,1,0,"Catalog, Search",345.03,148.3629,,,"aspen-white-wall-cabinet-beveled-glass-asp-w2712bg""",,,,,,,,,,,,,,,,,,,,,,"free_sample=""No"",is_assemble=""1"",warehouse_zipcode=""31513"",kitchen_cabinet_sort_order=""275""",999,,,,,,,,,,,,,,,,,,,,,,,,,,,,,,,,,,,,,,,
ASP-W2730,,Default,simple,Default Category/Shop Cabinets/Kitchen Cabinets/Aspen White/Wall Cabinets,,"Aspen White- Wall Cabinet 27""x30""","Aspen White- Wall Cabinet 27""x30"" it measures 27""WX12""DX30""H has 2 Shelves",40,1,0,"Catalog, Search",476.49,204.8907,,,"aspen-white-wall-cabinet-27""x30""-asp-w2730""",,,,,,,,,,,,,,,,,,,,,,"free_sample=""No"",is_assemble=""1"",warehouse_zipcode=""31513"",kitchen_cabinet_sort_order=""280""",999,,,,,,,,,,,,,,,,,,,,,,,,,,,,,,,,,,,,,,,
ASP-W2736,,Default,simple,Default Category/Shop Cabinets/Kitchen Cabinets/Aspen White/Wall Cabinets,,"Aspen White- Wall Cabinet 27""x36""","Aspen White- Wall Cabinet 27""x36"" it measures 27""WX12""DX36""H has 2 Shelves",42,1,0,"Catalog, Search",543.02,233.4986,,,"aspen-white-wall-cabinet-27""x36""-asp-w2736""",,,,,,,,,,,,,,,,,,,,,,"free_sample=""No"",is_assemble=""1"",warehouse_zipcode=""31513"",kitchen_cabinet_sort_order=""285""",999,,,,,,,,,,,,,,,,,,,,,,,,,,,,,,,,,,,,,,,
ASP-W2742,,Default,simple,Default Category/Shop Cabinets/Kitchen Cabinets/Aspen White/Wall Cabinets,,"Aspen White- Wall Cabinet 27""x42""","Aspen White- Wall Cabinet 27""x42"" it measures 27""WX12""DX42""H has 3 Shelves",44,1,0,"Catalog, Search",766.08,329.4144,,,"aspen-white-wall-cabinet-27""x42""-asp-w2742""",,,,,,,,,,,,,,,,,,,,,,"free_sample=""No"",is_assemble=""1"",warehouse_zipcode=""31513"",kitchen_cabinet_sort_order=""290""",999,,,,,,,,,,,,,,,,,,,,,,,,,,,,,,,,,,,,,,,
ASP-W3012,,Default,simple,Default Category/Shop Cabinets/Kitchen Cabinets/Aspen White/Wall Cabinets,,"Aspen White- Wall Cabinet 30""x12""","Aspen White- Wall Cabinet 30""x12"" it measures 30""WX12""DX12""H has 2 Doors",30,1,0,"Catalog, Search",303.58,130.5394,,,"aspen-white-wall-cabinet-30""x12""-asp-w3012""",,,,,,,,,,,,,,,,,,,,,,"free_sample=""No"",is_assemble=""1"",warehouse_zipcode=""31513"",kitchen_cabinet_sort_order=""295""",999,,,,,,,,,,,,,,,,,,,,,,,,,,,,,,,,,,,,,,,
ASP-W3012BG,,Default,simple,Default Category/Shop Cabinets/Kitchen Cabinets/Aspen White/Wall Cabinets,,Aspen White- Wall Cabinet Beveled Glass,"Aspen White- Beveled  Glass 30""x12"" it measures 30""WX12""DX12""H with Glass Door",31,1,0,"Catalog, Search",354.31,152.3533,,,"aspen-white-wall-cabinet-beveled-glass-asp-w3012bg""",,,,,,,,,,,,,,,,,,,,,,"free_sample=""No"",is_assemble=""1"",warehouse_zipcode=""31513"",kitchen_cabinet_sort_order=""300""",999,,,,,,,,,,,,,,,,,,,,,,,,,,,,,,,,,,,,,,,
ASP-W3015,,Default,simple,Default Category/Shop Cabinets/Kitchen Cabinets/Aspen White/Wall Cabinets,,"Aspen White- Wall Cabinet 30""x15""","Aspen White- Wall Cabinet 30""x15"" it measures 30""WX12""DX15""H has 2 Doors",32,1,0,"Catalog, Search",365.44,157.1392,,,"aspen-white-wall-cabinet-30""x15""-asp-w3015""",,,,,,,,,,,,,,,,,,,,,,"free_sample=""No"",is_assemble=""1"",warehouse_zipcode=""31513"",kitchen_cabinet_sort_order=""305""",999,,,,,,,,,,,,,,,,,,,,,,,,,,,,,,,,,,,,,,,
ASP-W3018,,Default,simple,Default Category/Shop Cabinets/Kitchen Cabinets/Aspen White/Wall Cabinets,,"Aspen White- Wall Cabinet 30""x18""","Aspen White- Wall Cabinet 30""x18"" it measures 30""WX12""DX18""H has 2 Doors",34,1,0,"Catalog, Search",406.27,174.6961,,,"aspen-white-wall-cabinet-30""x18""-asp-w3018""",,,,,,,,,,,,,,,,,,,,,,"free_sample=""No"",is_assemble=""1"",warehouse_zipcode=""31513"",kitchen_cabinet_sort_order=""310""",999,,,,,,,,,,,,,,,,,,,,,,,,,,,,,,,,,,,,,,,
ASP-W3021,,Default,simple,Default Category/Shop Cabinets/Kitchen Cabinets/Aspen White/Wall Cabinets,,"Aspen White- Wall Cabinet 30""x21""","Aspen White- Wall Cabinet 30""x21"" it measures 30""WX12""DX21""H has 2 Doors",36,1,0,"Catalog, Search",449.53,193.2979,,,"aspen-white-wall-cabinet-30""x21""-asp-w3021""",,,,,,,,,,,,,,,,,,,,,,"free_sample=""No"",is_assemble=""1"",warehouse_zipcode=""31513"",kitchen_cabinet_sort_order=""315""",999,,,,,,,,,,,,,,,,,,,,,,,,,,,,,,,,,,,,,,,
ASP-W3024,,Default,simple,Default Category/Shop Cabinets/Kitchen Cabinets/Aspen White/Wall Cabinets,,"Aspen White- Wall Cabinet 30""x24""","Aspen White- Wall Cabinet 30""x24"" it measures 30""WX12""DX24""H has 2 Doors",38,1,0,"Catalog, Search",478.17,205.6131,,,"aspen-white-wall-cabinet-30""x24""-asp-w3024""",,,,,,,,,,,,,,,,,,,,,,"free_sample=""No"",is_assemble=""1"",warehouse_zipcode=""31513"",kitchen_cabinet_sort_order=""320""",999,,,,,,,,,,,,,,,,,,,,,,,,,,,,,,,,,,,,,,,
ASP-W3030,,Default,simple,Default Category/Shop Cabinets/Kitchen Cabinets/Aspen White/Wall Cabinets,,"Aspen White- Wall Cabinet 30""x30""","Aspen White- Wall Cabinet 30""x30"" it measures 30""WX12""DX30""H has 2 Doors",42,1,0,"Catalog, Search",517.94,222.7142,,,"aspen-white-wall-cabinet-30""x30""-asp-w3030""",,,,,,,,,,,,,,,,,,,,,,"free_sample=""No"",is_assemble=""1"",warehouse_zipcode=""31513"",kitchen_cabinet_sort_order=""325""",999,,,,,,,,,,,,,,,,,,,,,,,,,,,,,,,,,,,,,,,
ASP-W3036,,Default,simple,Default Category/Shop Cabinets/Kitchen Cabinets/Aspen White/Wall Cabinets,,"Aspen White- Wall Cabinet 30""x36""","Aspen White- Wall Cabinet 30""x36"" it measures 30""WX12""DX36""H has 2 Doors",44,1,0,"Catalog, Search",571.16,245.5988,,,"aspen-white-wall-cabinet-30""x36""-asp-w3036""",,,,,,,,,,,,,,,,,,,,,,"free_sample=""No"",is_assemble=""1"",warehouse_zipcode=""31513"",kitchen_cabinet_sort_order=""330""",999,,,,,,,,,,,,,,,,,,,,,,,,,,,,,,,,,,,,,,,
ASP-W3042,,Default,simple,Default Category/Shop Cabinets/Kitchen Cabinets/Aspen White/Wall Cabinets,,"Aspen White- Wall Cabinet 30""x42""","Aspen White- Wall Cabinet 30""x42"" it measures 30""WX12""DX42""H has 3 Doors",46,1,0,"Catalog, Search",838.91,360.7313,,,"aspen-white-wall-cabinet-30""x42""-asp-w3042""",,,,,,,,,,,,,,,,,,,,,,"free_sample=""No"",is_assemble=""1"",warehouse_zipcode=""31513"",kitchen_cabinet_sort_order=""335""",999,,,,,,,,,,,,,,,,,,,,,,,,,,,,,,,,,,,,,,,
ASP-W3312BG,,Default,simple,Default Category/Shop Cabinets/Kitchen Cabinets/Aspen White/Wall Cabinets,,Aspen White- Wall Cabinet Beveled  Glass,"Aspen White- Beveled  Glass 33""x12"" it measures 33""WX12""DX12""H with Glass Door",26,1,0,"Catalog, Search",369.44,158.8592,,,"aspen-white-wall-cabinet-beveled-glass-asp-w3312bg""",,,,,,,,,,,,,,,,,,,,,,"free_sample=""No"",is_assemble=""1"",warehouse_zipcode=""31513"",kitchen_cabinet_sort_order=""340""",999,,,,,,,,,,,,,,,,,,,,,,,,,,,,,,,,,,,,,,,
ASP-W3312,,Default,simple,Default Category/Shop Cabinets/Kitchen Cabinets/Aspen White/Wall Cabinets,,"Aspen White- Wall Cabinet 33""x12""","Aspen White- Wall Cabinet 33""x12"" it measures 33""WX12""DX12""H has 2 Doors ",32,1,0,"Catalog, Search",338.31,145.4733,,,"aspen-white-wall-cabinet-33""x12""-asp-w3312""",,,,,,,,,,,,,,,,,,,,,,"free_sample=""No"",is_assemble=""1"",warehouse_zipcode=""31513"",kitchen_cabinet_sort_order=""345""",999,,,,,,,,,,,,,,,,,,,,,,,,,,,,,,,,,,,,,,,
ASP-W3315,,Default,simple,Default Category/Shop Cabinets/Kitchen Cabinets/Aspen White/Wall Cabinets,,"Aspen White-Wall Cabinet 33""x15""","Aspen White- Wall Cabinet 33""x15"" it measures 33""WX12""DX15""H has 2 Doors ",34,1,0,"Catalog, Search",395.43,170.0349,,,"aspen-white-wall-cabinet-33""x15""-asp-w3315""",,,,,,,,,,,,,,,,,,,,,,"free_sample=""No"",is_assemble=""1"",warehouse_zipcode=""31513"",kitchen_cabinet_sort_order=""350""",999,,,,,,,,,,,,,,,,,,,,,,,,,,,,,,,,,,,,,,,
ASP-W3318,,Default,simple,Default Category/Shop Cabinets/Kitchen Cabinets/Aspen White/Wall Cabinets,,"Aspen White- Wall Cabinet 33""x18""","Aspen White- Wall Cabinet 33""x18"" it measures 33""WX12""DX18""H has 2 Doors ",36,1,0,"Catalog, Search",441.29,189.7547,,,"aspen-white-wall-cabinet-33""x18""-asp-w3318""",,,,,,,,,,,,,,,,,,,,,,"free_sample=""No"",is_assemble=""1"",warehouse_zipcode=""31513"",kitchen_cabinet_sort_order=""355""",999,,,,,,,,,,,,,,,,,,,,,,,,,,,,,,,,,,,,,,,
ASP-W3321,,Default,simple,Default Category/Shop Cabinets/Kitchen Cabinets/Aspen White/Wall Cabinets,,"Aspen White- Wall Cabinet 33""x21""","Aspen White- Wall Cabinet 33""x21"" it measures 33""WX12""DX21""H has 2 Doors ",38,1,0,"Catalog, Search",486.65,209.2595,,,"aspen-white-wall-cabinet-33""x21""-asp-w3321""",,,,,,,,,,,,,,,,,,,,,,"free_sample=""No"",is_assemble=""1"",warehouse_zipcode=""31513"",kitchen_cabinet_sort_order=""360""",999,,,,,,,,,,,,,,,,,,,,,,,,,,,,,,,,,,,,,,,
ASP-W3324,,Default,simple,Default Category/Shop Cabinets/Kitchen Cabinets/Aspen White/Wall Cabinets,,"Aspen White- Wall Cabinet 33""x24""","Aspen White- Wall Cabinet 33""x24"" it measures 33""WX12""DX24""H has 2 Doors ",40,1,0,"Catalog, Search",504.67,217.0081,,,"aspen-white-wall-cabinet-33""x24""-asp-w3324""",,,,,,,,,,,,,,,,,,,,,,"free_sample=""No"",is_assemble=""1"",warehouse_zipcode=""31513"",kitchen_cabinet_sort_order=""365""",999,,,,,,,,,,,,,,,,,,,,,,,,,,,,,,,,,,,,,,,
ASP-W3330,,Default,simple,Default Category/Shop Cabinets/Kitchen Cabinets/Aspen White/Wall Cabinets,,"Aspen White- Wall Cabinet 33""x30""","Aspen White- Wall Cabinet 33""x30"" it measures 33""WX12""DX30""H has 2 Doors with Shelves",44,1,0,"Catalog, Search",565.28,243.0704,,,"aspen-white-wall-cabinet-33""x30""-asp-w3330""",,,,,,,,,,,,,,,,,,,,,,"free_sample=""No"",is_assemble=""1"",warehouse_zipcode=""31513"",kitchen_cabinet_sort_order=""370""",999,,,,,,,,,,,,,,,,,,,,,,,,,,,,,,,,,,,,,,,
ASP-W3336,,Default,simple,Default Category/Shop Cabinets/Kitchen Cabinets/Aspen White/Wall Cabinets,,"Aspen White- Wall Cabinet 33""x36""","Aspen White- Wall Cabinet 33""x36"" it measures 33""WX12""DX36""H has 2 Doors with Shelves",46,1,0,"Catalog, Search",607.53,261.2379,,,"aspen-white-wall-cabinet-33""x36""-asp-w3336""",,,,,,,,,,,,,,,,,,,,,,"free_sample=""No"",is_assemble=""1"",warehouse_zipcode=""31513"",kitchen_cabinet_sort_order=""375""",999,,,,,,,,,,,,,,,,,,,,,,,,,,,,,,,,,,,,,,,
ASP-W3342,,Default,simple,Default Category/Shop Cabinets/Kitchen Cabinets/Aspen White/Wall Cabinets,,"Aspen White- Wall Cabinet 33""x42""","Aspen White- Wall Cabinet 33""x42"" it measures 33""WX12""DX42""H has 2 Doors with Shelves",48,1,0,"Catalog, Search",906.82,389.9326,,,"aspen-white-wall-cabinet-33""x42""-asp-w3342""",,,,,,,,,,,,,,,,,,,,,,"free_sample=""No"",is_assemble=""1"",warehouse_zipcode=""31513"",kitchen_cabinet_sort_order=""380""",999,,,,,,,,,,,,,,,,,,,,,,,,,,,,,,,,,,,,,,,
ASP-W3612,,Default,simple,Default Category/Shop Cabinets/Kitchen Cabinets/Aspen White/Wall Cabinets,,"Aspen White- Wall Cabinet 36""x12""","Aspen White- Wall Cabinet 36""x12"" it measures 36""WX12""DX12""H with 2 Doors",34,1,0,"Catalog, Search",354.44,152.4092,,,"aspen-white-wall-cabinet-36""x12""-asp-w3612""",,,,,,,,,,,,,,,,,,,,,,"free_sample=""No"",is_assemble=""1"",warehouse_zipcode=""31513"",kitchen_cabinet_sort_order=""385""",999,,,,,,,,,,,,,,,,,,,,,,,,,,,,,,,,,,,,,,,
ASP-W3612BG,,Default,simple,Default Category/Shop Cabinets/Kitchen Cabinets/Aspen White/Wall Cabinets,,Aspen White- Wall Cabinet Beveled Glass,"Aspen White- Beveled  Glass 36""x12"" it measures 36""WX12""DX12""H with Glass Door",26,1,0,"Catalog, Search",404.21,173.8103,,,"aspen-white-wall-cabinet-beveled-glass-asp-w3612bg""",,,,,,,,,,,,,,,,,,,,,,"free_sample=""No"",is_assemble=""1"",warehouse_zipcode=""31513"",kitchen_cabinet_sort_order=""390""",999,,,,,,,,,,,,,,,,,,,,,,,,,,,,,,,,,,,,,,,
ASP-W3615,,Default,simple,Default Category/Shop Cabinets/Kitchen Cabinets/Aspen White/Wall Cabinets,,"Aspen White- Wall Cabinet 36""x15""","Aspen White- Wall Cabinet 36""x15"" it measures 36""WX12""DX15""H with 2 Doors",34,1,0,"Catalog, Search",423.74,182.2082,,,"aspen-white-wall-cabinet-36""x15""-asp-w3615""",,,,,,,,,,,,,,,,,,,,,,"free_sample=""No"",is_assemble=""1"",warehouse_zipcode=""31513"",kitchen_cabinet_sort_order=""395""",999,,,,,,,,,,,,,,,,,,,,,,,,,,,,,,,,,,,,,,,
ASP-W3618,,Default,simple,Default Category/Shop Cabinets/Kitchen Cabinets/Aspen White/Wall Cabinets,,"Aspen White- Wall Cabinet 36""x18""","Aspen White- Wall Cabinet 36""x18"" it measures 36""WX12""DX18""H with 2 Doors",36,1,0,"Catalog, Search",463.09,199.1287,,,"aspen-white-wall-cabinet-36""x18""-asp-w3618""",,,,,,,,,,,,,,,,,,,,,,"free_sample=""No"",is_assemble=""1"",warehouse_zipcode=""31513"",kitchen_cabinet_sort_order=""400""",999,,,,,,,,,,,,,,,,,,,,,,,,,,,,,,,,,,,,,,,
ASP-W3621,,Default,simple,Default Category/Shop Cabinets/Kitchen Cabinets/Aspen White/Wall Cabinets,,"Aspen White- Wall Cabinet 36""x21""","Aspen White- Wall Cabinet 36""x21"" it measures 36""WX12""DX21""H with 2 Doors",38,1,0,"Catalog, Search",498.04,214.1572,,,"aspen-white-wall-cabinet-36""x21""-asp-w3621""",,,,,,,,,,,,,,,,,,,,,,"free_sample=""No"",is_assemble=""1"",warehouse_zipcode=""31513"",kitchen_cabinet_sort_order=""405""",999,,,,,,,,,,,,,,,,,,,,,,,,,,,,,,,,,,,,,,,
ASP-W3624,,Default,simple,Default Category/Shop Cabinets/Kitchen Cabinets/Aspen White/Wall Cabinets,,"Aspen White- Wall Cabinet 36""x24""","Aspen White- Wall Cabinet 36""x24"" it measures 36""WX12""DX24""H with 2 Doors",40,1,0,"Catalog, Search",529.07,227.5001,,,"aspen-white-wall-cabinet-36""x24""-asp-w3624""",,,,,,,,,,,,,,,,,,,,,,"free_sample=""No"",is_assemble=""1"",warehouse_zipcode=""31513"",kitchen_cabinet_sort_order=""410""",999,,,,,,,,,,,,,,,,,,,,,,,,,,,,,,,,,,,,,,,
ASP-W3630,,Default,simple,Default Category/Shop Cabinets/Kitchen Cabinets/Aspen White/Wall Cabinets,,"Aspen White- Wall Cabinet 36""x30""","Aspen White- Wall Cabinet 36""x30"" it measures 36""WX12""DX30""H with 2 Doors and 2 Shelves",46,1,0,"Catalog, Search",614.67,264.3081,,,"aspen-white-wall-cabinet-36""x30""-asp-w3630""",,,,,,,,,,,,,,,,,,,,,,"free_sample=""No"",is_assemble=""1"",warehouse_zipcode=""31513"",kitchen_cabinet_sort_order=""415""",999,,,,,,,,,,,,,,,,,,,,,,,,,,,,,,,,,,,,,,,
ASP-W3636,,Default,simple,Default Category/Shop Cabinets/Kitchen Cabinets/Aspen White/Wall Cabinets,,"Aspen White- Wall Cabinet 36""x36""","Aspen White- Wall Cabinet 36""x36"" it measures 36""WX12""DX36""H with 2 Doors and 2 Shelves",48,1,0,"Catalog, Search",658.22,283.0346,,,"aspen-white-wall-cabinet-36""x36""-asp-w3636""",,,,,,,,,,,,,,,,,,,,,,"free_sample=""No"",is_assemble=""1"",warehouse_zipcode=""31513"",kitchen_cabinet_sort_order=""420""",999,,,,,,,,,,,,,,,,,,,,,,,,,,,,,,,,,,,,,,,
ASP-W3642,,Default,simple,Default Category/Shop Cabinets/Kitchen Cabinets/Aspen White/Wall Cabinets,,"Aspen White- Wall Cabinet 36""x42""","Aspen White- Wall Cabinet 36""x342"" it measures 36""WX12""DX42""H with 2 Doors and 3 Shelves",50,1,0,"Catalog, Search",976.21,419.7703,,,"aspen-white-wall-cabinet-36""x42""-asp-w3642""",,,,,,,,,,,,,,,,,,,,,,"free_sample=""No"",is_assemble=""1"",warehouse_zipcode=""31513"",kitchen_cabinet_sort_order=""425""",999,,,,,,,,,,,,,,,,,,,,,,,,,,,,,,,,,,,,,,,
ASP-W3930,,Default,simple,Default Category/Shop Cabinets/Kitchen Cabinets/Aspen White/Wall Cabinets,,"Aspen White- Wall Cabinet 39""x30""","Aspen White- Wall Cabinet 39""x30"" it measures 39""WX12""DX30""H with 2 Doors and 2 Shelves",48,1,0,"Catalog, Search",658.39,283.1077,,,"aspen-white-wall-cabinet-39""x30""-asp-w3930""",,,,,,,,,,,,,,,,,,,,,,"free_sample=""No"",is_assemble=""1"",warehouse_zipcode=""31513"",kitchen_cabinet_sort_order=""430""",999,,,,,,,,,,,,,,,,,,,,,,,,,,,,,,,,,,,,,,,
ASP-W3936,,Default,simple,Default Category/Shop Cabinets/Kitchen Cabinets/Aspen White/Wall Cabinets,,"Aspen White- Wall Cabinet 39""x36""","Aspen White- Wall Cabinet 39""x36"" it measures 39""WX12""DX36""H with 2 Doors and 2 Shelves",50,1,0,"Catalog, Search",709.34,305.0162,,,"aspen-white-wall-cabinet-39""x36""-asp-w3936""",,,,,,,,,,,,,,,,,,,,,,"free_sample=""No"",is_assemble=""1"",warehouse_zipcode=""31513"",kitchen_cabinet_sort_order=""435""",999,,,,,,,,,,,,,,,,,,,,,,,,,,,,,,,,,,,,,,,
ASP-W3942,,Default,simple,Default Category/Shop Cabinets/Kitchen Cabinets/Aspen White/Wall Cabinets,,"Aspen White- Wall Cabinet 39""x42""","Aspen White- Wall Cabinet 39""x42"" it measures 39""WX12""DX42""H with 2 Doors and 3 Shelves",52,1,0,"Catalog, Search",1044.92,449.3156,,,"aspen-white-wall-cabinet-39""x42""-asp-w3942""",,,,,,,,,,,,,,,,,,,,,,"free_sample=""No"",is_assemble=""1"",warehouse_zipcode=""31513"",kitchen_cabinet_sort_order=""440""",999,,,,,,,,,,,,,,,,,,,,,,,,,,,,,,,,,,,,,,,
ASP-W4230,,Default,simple,Default Category/Shop Cabinets/Kitchen Cabinets/Aspen White/Wall Cabinets,,"Aspen White- Wall Cabinet 42""x30""3","Aspen White- Wall Cabinet 42""x30"" it measures 42""WX12""DX30""H with 2 Doors and 2 Shelves",54,1,0,"Catalog, Search",680.86,292.7698,,,"aspen-white-wall-cabinet-42""x30""3-asp-w4230""",,,,,,,,,,,,,,,,,,,,,,"free_sample=""No"",is_assemble=""1"",warehouse_zipcode=""31513"",kitchen_cabinet_sort_order=""445""",999,,,,,,,,,,,,,,,,,,,,,,,,,,,,,,,,,,,,,,,
ASP-W4236,,Default,simple,Default Category/Shop Cabinets/Kitchen Cabinets/Aspen White/Wall Cabinets,,"Aspen White- Wall Cabinet 42""x36""","Aspen White- Wall Cabinet 42""x36"" it measures 42""WX12""DX36""H with 2 Doors and 2 Shelves",56,1,0,"Catalog, Search",764.4,328.692,,,"aspen-white-wall-cabinet-42""x36""-asp-w4236""",,,,,,,,,,,,,,,,,,,,,,"free_sample=""No"",is_assemble=""1"",warehouse_zipcode=""31513"",kitchen_cabinet_sort_order=""450""",999,,,,,,,,,,,,,,,,,,,,,,,,,,,,,,,,,,,,,,,
ASP-W4242,,Default,simple,Default Category/Shop Cabinets/Kitchen Cabinets/Aspen White/Wall Cabinets,,"Aspen White- Wall Cabinet 42""x42""","Aspen White- Wall Cabinet 42""x42"" it measures 42""WX12""DX42""H with 2 Doors and 3 Shelves",54,1,0,"Catalog, Search",1063.52,457.3136,,,"aspen-white-wall-cabinet-42""x42""-asp-w4242""",,,,,,,,,,,,,,,,,,,,,,"free_sample=""No"",is_assemble=""1"",warehouse_zipcode=""31513"",kitchen_cabinet_sort_order=""455""",999,,,,,,,,,,,,,,,,,,,,,,,,,,,,,,,,,,,,,,,
ASP-WBC2730,,Default,simple,Default Category/Shop Cabinets/Kitchen Cabinets/Aspen White/Wall Cabinets,,"Aspen White- Blind Wall Cabinet 27""x30""","Aspen White- Blind Wall Cabinet 27""x30"" it measures 27""WX12""DX30""H with 2 doors and 2 Shelves",54,1,0,"Catalog, Search",499.04,214.5872,,,"aspen-white-blind-wall-cabinet-27""x30""-asp-wbc2730""",,,,,,,,,,,,,,,,,,,,,,"free_sample=""No"",is_assemble=""1"",warehouse_zipcode=""31513"",kitchen_cabinet_sort_order=""460""",999,,,,,,,,,,,,,,,,,,,,,,,,,,,,,,,,,,,,,,,
ASP-WBC2736,,Default,simple,Default Category/Shop Cabinets/Kitchen Cabinets/Aspen White/Wall Cabinets,,"Aspen White- Blind Wall Cabinet 27""x36""","Aspen White- Blind Wall Cabinet 27""x36"" it measures 27""WX12""DX36""H with 2 doors and 2 Shelves",54,1,0,"Catalog, Search",572.8,246.304,,,"aspen-white-blind-wall-cabinet-27""x36""-asp-wbc2736""",,,,,,,,,,,,,,,,,,,,,,"free_sample=""No"",is_assemble=""1"",warehouse_zipcode=""31513"",kitchen_cabinet_sort_order=""465""",999,,,,,,,,,,,,,,,,,,,,,,,,,,,,,,,,,,,,,,,
ASP-WBC2742,,Default,simple,Default Category/Shop Cabinets/Kitchen Cabinets/Aspen White/Wall Cabinets,,"Aspen White- Blind Wall Cabinet 27""x42""","Aspen White- Blind Wall Cabinet 27""x42"" it measures 27""WX12""DX42""H with 2 doors and 2 Shelves",54,1,0,"Catalog, Search",635.63,273.3209,,,"aspen-white-blind-wall-cabinet-27""x42""-asp-wbc2742""",,,,,,,,,,,,,,,,,,,,,,"free_sample=""No"",is_assemble=""1"",warehouse_zipcode=""31513"",kitchen_cabinet_sort_order=""470""",999,,,,,,,,,,,,,,,,,,,,,,,,,,,,,,,,,,,,,,,
ASP-WCA1230,,Default,simple,Default Category/Shop Cabinets/Kitchen Cabinets/Aspen White/Wall Cabinets,,"Aspen White- Wall Angle Cabinet 12""x30""","Aspen White- Wall Angle Cabinet 12""x30"" it measures 12""D and 30""H use on end of wall run.",22,1,0,"Catalog, Search",282.11,121.3073,,,"aspen-white-wall-angle-cabinet-12""x30""-asp-wca1230""",,,,,,,,,,,,,,,,,,,,,,"free_sample=""No"",is_assemble=""1"",warehouse_zipcode=""31513"",kitchen_cabinet_sort_order=""475""",999,,,,,,,,,,,,,,,,,,,,,,,,,,,,,,,,,,,,,,,
ASP-WCA1236,,Default,simple,Default Category/Shop Cabinets/Kitchen Cabinets/Aspen White/Wall Cabinets,,"Aspen White- Wall Angle Cabinet 12""x36""","Aspen White- Wall Angle Cabinet 12""x36"" it measures 12""D and 36""H use on end of wall run.",24,1,0,"Catalog, Search",322.14,138.5202,,,"aspen-white-wall-angle-cabinet-12""x36""-asp-wca1236""",,,,,,,,,,,,,,,,,,,,,,"free_sample=""No"",is_assemble=""1"",warehouse_zipcode=""31513"",kitchen_cabinet_sort_order=""480""",999,,,,,,,,,,,,,,,,,,,,,,,,,,,,,,,,,,,,,,,
ASP-WCA1242,,Default,simple,Default Category/Shop Cabinets/Kitchen Cabinets/Aspen White/Wall Cabinets,,"Aspen White- Wall Angle Cabinet 12""x42""","Aspen White- Wall Angle Cabinet 12""x42"" it measures 12""D and 42""H use on end of wall run.",26,1,0,"Catalog, Search",363.93,156.4899,,,"aspen-white-wall-angle-cabinet-12""x42""-asp-wca1242""",,,,,,,,,,,,,,,,,,,,,,"free_sample=""No"",is_assemble=""1"",warehouse_zipcode=""31513"",kitchen_cabinet_sort_order=""485""",999,,,,,,,,,,,,,,,,,,,,,,,,,,,,,,,,,,,,,,,
ASP-WDC2430,,Default,simple,Default Category/Shop Cabinets/Kitchen Cabinets/Aspen White/Wall Cabinets,,"Aspen White- Diagonal Corner Cabinet 24""x30""","Aspen White- Diagonal Corner Cabinet 24""x30""  it measures 24""WX30""H and has 2 Shelves",46,1,0,"Catalog, Search",542.14,233.1202,,,"aspen-white-diagonal-corner-cabinet-24""x30""-asp-wdc2430""",,,,,,,,,,,,,,,,,,,,,,"free_sample=""No"",is_assemble=""1"",warehouse_zipcode=""31513"",kitchen_cabinet_sort_order=""490""",999,,,,,,,,,,,,,,,,,,,,,,,,,,,,,,,,,,,,,,,
ASP-WDC2436,,Default,simple,Default Category/Shop Cabinets/Kitchen Cabinets/Aspen White/Wall Cabinets,,"Aspen White- Diagonal Corner Cabinet 24""x36""","Aspen White- Diagonal Corner Cabinet 24""x36""  it measures 24""WX36""H and has 2 Shelves",50,1,0,"Catalog, Search",583.21,250.7803,,,"aspen-white-diagonal-corner-cabinet-24""x36""-asp-wdc2436""",,,,,,,,,,,,,,,,,,,,,,"free_sample=""No"",is_assemble=""1"",warehouse_zipcode=""31513"",kitchen_cabinet_sort_order=""495""",999,,,,,,,,,,,,,,,,,,,,,,,,,,,,,,,,,,,,,,,
ASP-WDC2442,,Default,simple,Default Category/Shop Cabinets/Kitchen Cabinets/Aspen White/Wall Cabinets,,"Aspen White- Diagonal Corner Cabinet 24""x42""","Aspen White- Diagonal Corner Cabinet 24""x42""  it measures 24""WX42""H and has 3 Shelves",54,1,0,"Catalog, Search",682.12,293.3116,,,"aspen-white-diagonal-corner-cabinet-24""x42""-asp-wdc2442""",,,,,,,,,,,,,,,,,,,,,,"free_sample=""No"",is_assemble=""1"",warehouse_zipcode=""31513"",kitchen_cabinet_sort_order=""500""",999,,,,,,,,,,,,,,,,,,,,,,,,,,,,,,,,,,,,,,,
ASP-WDC42BG,,Default,simple,Default Category/Shop Cabinets/Kitchen Cabinets/Aspen White/Wall Cabinets,,Aspen White- Diagonal Corner Cabinet Bev. Glass,Aspen White- Diagonal Corner Cabinet Bev. Glass,58,1,0,"Catalog, Search",1020.52,438.8236,,,"aspen-white-diagonal-corner-cabinet-bev.-glass-asp-wdc42bg""",,,,,,,,,,,,,,,,,,,,,,"free_sample=""No"",is_assemble=""1"",warehouse_zipcode=""31513"",kitchen_cabinet_sort_order=""505""",999,,,,,,,,,,,,,,,,,,,,,,,,,,,,,,,,,,,,,,,
ASP-WR3315,,Default,simple,Default Category/Shop Cabinets/Kitchen Cabinets/Aspen White/Wall Cabinets,,"Aspen White- Refrigerator Wall Cabinet 33""x15""","Aspen White-Wall Cabinet 33""x15"" it measures 33""WX12""DX15""H has Butt Doors",32,1,0,"Catalog, Search",440.5,189.415,,,"aspen-white-refrigerator-wall-cabinet-33""x15""-asp-wr3315""",,,,,,,,,,,,,,,,,,,,,,"free_sample=""No"",is_assemble=""1"",warehouse_zipcode=""31513"",kitchen_cabinet_sort_order=""510""",999,,,,,,,,,,,,,,,,,,,,,,,,,,,,,,,,,,,,,,,
ASP-WR3324,,Default,simple,Default Category/Shop Cabinets/Kitchen Cabinets/Aspen White/Wall Cabinets,,"Aspen White- Refrigerator Wall Cabinet 33""x24""","Aspen White- Refrigerator Wall Cabinet 33""x24"" it measures 33""WX12""DX24""H has Butt Doors",34,1,0,"Catalog, Search",459.77,197.7011,,,"aspen-white-refrigerator-wall-cabinet-33""x24""-asp-wr3324""",,,,,,,,,,,,,,,,,,,,,,"free_sample=""No"",is_assemble=""1"",warehouse_zipcode=""31513"",kitchen_cabinet_sort_order=""515""",999,,,,,,,,,,,,,,,,,,,,,,,,,,,,,,,,,,,,,,,
ASP-WR3612,,Default,simple,Default Category/Shop Cabinets/Kitchen Cabinets/Aspen White/Wall Cabinets,,"Aspen White- Refrigerator Wall Cabinet 36""x12""","Aspen White- Refrigerator Wall Cabinet 36""x12"" it measures 36""WX12""DX12""H has Butt Doors",36,1,0,"Catalog, Search",353.39,151.9577,,,"aspen-white-refrigerator-wall-cabinet-36""x12""-asp-wr3612""",,,,,,,,,,,,,,,,,,,,,,"free_sample=""No"",is_assemble=""1"",warehouse_zipcode=""31513"",kitchen_cabinet_sort_order=""520""",999,,,,,,,,,,,,,,,,,,,,,,,,,,,,,,,,,,,,,,,
ASP-WR3615,,Default,simple,Default Category/Shop Cabinets/Kitchen Cabinets/Aspen White/Wall Cabinets,,"Aspen White- Refrigerator Wall Cabinet 36""x15""","Aspen White- Refrigerator Wall Cabinet 36""x15"" it measures 36""WX12""DX15""H has Butt Doors",34,1,0,"Catalog, Search",476.49,204.8907,,,"aspen-white-refrigerator-wall-cabinet-36""x15""-asp-wr3615""",,,,,,,,,,,,,,,,,,,,,,"free_sample=""No"",is_assemble=""1"",warehouse_zipcode=""31513"",kitchen_cabinet_sort_order=""525""",999,,,,,,,,,,,,,,,,,,,,,,,,,,,,,,,,,,,,,,,
ASP-WR3618,,Default,simple,Default Category/Shop Cabinets/Kitchen Cabinets/Aspen White/Wall Cabinets,,"Aspen White- Refrigerator Wall Cabinet 36""x18""","Aspen White- Refrigerator Wall Cabinet 36""x18"" it measures 36""WX12""DX18""H has Butt Doors",36,1,0,"Catalog, Search",508.16,218.5088,,,"aspen-white-refrigerator-wall-cabinet-36""x18""-asp-wr3618""",,,,,,,,,,,,,,,,,,,,,,"free_sample=""No"",is_assemble=""1"",warehouse_zipcode=""31513"",kitchen_cabinet_sort_order=""530""",999,,,,,,,,,,,,,,,,,,,,,,,,,,,,,,,,,,,,,,,
ASP-WR3621,,Default,simple,Default Category/Shop Cabinets/Kitchen Cabinets/Aspen White/Wall Cabinets,,"Aspen White- Refrigerator Wall Cabinet 36""x21""","Aspen White- Refrigerator Wall Cabinet 36""x21"" it measures 36""WX12""DX21""H has Butt Doors",38,1,0,"Catalog, Search",521.72,224.3396,,,"aspen-white-refrigerator-wall-cabinet-36""x21""-asp-wr3621""",,,,,,,,,,,,,,,,,,,,,,"free_sample=""No"",is_assemble=""1"",warehouse_zipcode=""31513"",kitchen_cabinet_sort_order=""535""",999,,,,,,,,,,,,,,,,,,,,,,,,,,,,,,,,,,,,,,,
ASP-WR3624,,Default,simple,Default Category/Shop Cabinets/Kitchen Cabinets/Aspen White/Wall Cabinets,,"Aspen White- Refrigerator Wall Cabinet 36""x24""","Aspen White- Refrigerator Wall Cabinet 36""x24"" it measures 36""WX12""DX24""H has Butt Doors",40,1,0,"Catalog, Search",572.63,246.2309,,,"aspen-white-refrigerator-wall-cabinet-36""x24""-asp-wr3624""",,,,,,,,,,,,,,,,,,,,,,"free_sample=""No"",is_assemble=""1"",warehouse_zipcode=""31513"",kitchen_cabinet_sort_order=""540""",999,,,,,,,,,,,,,,,,,,,,,,,,,,,,,,,,,,,,,,,
ASP-WSC30,,Default,simple,Default Category/Shop Cabinets/Kitchen Cabinets/Aspen White/Wall Cabinets,,Aspen White- Wall Spice Cabinet,"Aspen White- Wall Spice Cabinet it measures 30""Hx6""W",28,1,0,"Catalog, Search",212.1,91.203,,,"aspen-white-wall-spice-cabinet-asp-wsc30""",,,,,,,,,,,,,,,,,,,,,,"free_sample=""No"",is_assemble=""1"",warehouse_zipcode=""31513"",kitchen_cabinet_sort_order=""545""",999,,,,,,,,,,,,,,,,,,,,,,,,,,,,,,,,,,,,,,,
ASP-UC1884,,Default,simple,Default Category/Shop Cabinets/Kitchen Cabinets/Aspen White/Oven and Pantry Cabinets,,"Aspen White- Utility Cabint18""x84""","Aspen White- Utility Cabint18""x84"" it measures 18""WX24""DX84""H has 2 doors and 4 Shelves",84,1,0,"Catalog, Search",1156.51,497.2993,,,"aspen-white-utility-cabint18""x84""-asp-uc1884""",,,,,,,,,,,,,,,,,,,,,,"free_sample=""No"",is_assemble=""1"",warehouse_zipcode=""31513"",kitchen_cabinet_sort_order=""550""",999,,,,,,,,,,,,,,,,,,,,,,,,,,,,,,,,,,,,,,,
ASP-UC1890,,Default,simple,Default Category/Shop Cabinets/Kitchen Cabinets/Aspen White/Oven and Pantry Cabinets,,"Aspen White- Utility Cabint18""x90""","Aspen White- Utility Cabint18""x90"" it measures 18""WX24""DX90""H has 2 doors and 4 Shelves",90,1,0,"Catalog, Search",1213.63,521.8609,,,"aspen-white-utility-cabint18""x90""-asp-uc1890""",,,,,,,,,,,,,,,,,,,,,,"free_sample=""No"",is_assemble=""1"",warehouse_zipcode=""31513"",kitchen_cabinet_sort_order=""555""",999,,,,,,,,,,,,,,,,,,,,,,,,,,,,,,,,,,,,,,,
ASP-UC1896,,Default,simple,Default Category/Shop Cabinets/Kitchen Cabinets/Aspen White/Oven and Pantry Cabinets,,"Aspen White- Utility Cabint18""x96""","Aspen White- Utility Cabint18""x96"" it measures 18""WX24""DX96""H has 2 doors and 4 Shelves",96,1,0,"Catalog, Search",1292.97,555.9771,,,"aspen-white-utility-cabint18""x96""-asp-uc1896""",,,,,,,,,,,,,,,,,,,,,,"free_sample=""No"",is_assemble=""1"",warehouse_zipcode=""31513"",kitchen_cabinet_sort_order=""560""",999,,,,,,,,,,,,,,,,,,,,,,,,,,,,,,,,,,,,,,,
ASP-UC2484,,Default,simple,Default Category/Shop Cabinets/Kitchen Cabinets/Aspen White/Oven and Pantry Cabinets,,"Aspen White- Utility Cabint24""x84""","Aspen White- Utility Cabint24""x84"" it measures 24""WX24""DX84""H has 4 Doors and 4 Shelves",100,1,0,"Catalog, Search",1203.97,517.7071,,,"aspen-white-utility-cabint24""x84""-asp-uc2484""",,,,,,,,,,,,,,,,,,,,,,"free_sample=""No"",is_assemble=""1"",warehouse_zipcode=""31513"",kitchen_cabinet_sort_order=""565""",999,,,,,,,,,,,,,,,,,,,,,,,,,,,,,,,,,,,,,,,
ASP-UC2490,,Default,simple,Default Category/Shop Cabinets/Kitchen Cabinets/Aspen White/Oven and Pantry Cabinets,,"Aspen White- Utility Cabint24""x90""","Aspen White- Utility Cabint24""x90"" it measures 24""WX24""DX90""H has 4 Doors and 4 Shelves",110,1,0,"Catalog, Search",1246.56,536.0208,,,"aspen-white-utility-cabint24""x90""-asp-uc2490""",,,,,,,,,,,,,,,,,,,,,,"free_sample=""No"",is_assemble=""1"",warehouse_zipcode=""31513"",kitchen_cabinet_sort_order=""570""",999,,,,,,,,,,,,,,,,,,,,,,,,,,,,,,,,,,,,,,,
ASP-UC2496,,Default,simple,Default Category/Shop Cabinets/Kitchen Cabinets/Aspen White/Oven and Pantry Cabinets,,"Aspen White- Utility Cabint18""x96""","Aspen White- Utility Cabint24""x96"" it measures 24""WX24""DX96""H has 4 Doors and 4 Shelves",120,1,0,"Catalog, Search",1342.53,577.2879,,,"aspen-white-utility-cabint18""x96""-asp-uc2496""",,,,,,,,,,,,,,,,,,,,,,"free_sample=""No"",is_assemble=""1"",warehouse_zipcode=""31513"",kitchen_cabinet_sort_order=""575""",999,,,,,,,,,,,,,,,,,,,,,,,,,,,,,,,,,,,,,,,
ASP-UOC3384,,Default,simple,Default Category/Shop Cabinets/Kitchen Cabinets/Aspen White/Oven and Pantry Cabinets,,"Aspen White- Universal Oven Cabinet 33""x84""","Aspen White Universal Oven Cabinet. It measures 33""w x 24""d x 84""h. It hold 1 oven unit. It has 3 storage drawers below and a 2 door cabinet on top. The cut out opening measures 28.5""w x 22""h. It will fit a standard size oven. It can be arranged as a single oven, double oven, or oven/microwave combination by removing the necessary drawers and cutting to fit.",84,1,0,"Catalog, Search",1421.95,611.4385,,,"aspen-white-universal-oven-cabinet-33""x84""-asp-uoc3384""",,,,,,,,,,,,,,,,,,,,,,"free_sample=""No"",is_assemble=""1"",warehouse_zipcode=""31513"",kitchen_cabinet_sort_order=""580""",999,,,,,,,,,,,,,,,,,,,,,,,,,,,,,,,,,,,,,,,
ASP-UOC3390,,Default,simple,Default Category/Shop Cabinets/Kitchen Cabinets/Aspen White/Oven and Pantry Cabinets,,"Aspen White- Universal Oven Cabinet 33""x90""","Aspen White Universal Oven Cabinet. It measures 33""w x 24""d x 90""h. It hold 1 oven unit. It has 3 storage drawers below and a 2 door cabinet on top. The cut out opening measures 28.5""w x 22""h. It will fit a standard size oven. It can be arranged as a single oven, double oven, or oven/microwave combination by removing the necessary drawers and cutting to fit",90,1,0,"Catalog, Search",1447.15,622.2745,,,"aspen-white-universal-oven-cabinet-33""x90""-asp-uoc3390""",,,,,,,,,,,,,,,,,,,,,,"free_sample=""No"",is_assemble=""1"",warehouse_zipcode=""31513"",kitchen_cabinet_sort_order=""585""",999,,,,,,,,,,,,,,,,,,,,,,,,,,,,,,,,,,,,,,,
ASP-UOC3396,,Default,simple,Default Category/Shop Cabinets/Kitchen Cabinets/Aspen White/Oven and Pantry Cabinets,,"Aspen White- Universal Oven Cabinet 33""x84""","Aspen White Universal Oven Cabinet. It measures 33""w x 24""d x 96""h. It hold 1 oven unit. It has 3 storage drawers below and a 2 door cabinet on top. The cut out opening measures 28.5""w x 22""h. It will fit a standard size oven. It can be arranged as a single oven, double oven, or oven/microwave combination by removing the necessary drawers and cutting to fit",96,1,0,"Catalog, Search",1596.71,686.5853,,,"aspen-white-universal-oven-cabinet-33""x84""-asp-uoc3396""",,,,,,,,,,,,,,,,,,,,,,"free_sample=""No"",is_assemble=""1"",warehouse_zipcode=""31513"",kitchen_cabinet_sort_order=""590""",999,,,,,,,,,,,,,,,,,,,,,,,,,,,,,,,,,,,,,,,
ASP-V2421,,Default,simple,Default Category/Shop Cabinets/Bathroom Cabinets/Aspen White,,"Aspen White Vanity- Cabinet 24""Wx21""D","Aspen White Vanity- Cabinet 24""Wx21""D it measures 24""WX21""DX34.5""H Sink Base",36,1,0,"Catalog, Search",536.76,230.8068,,,"aspen-white-vanity-cabinet-24""wx21""d-asp-v2421""",,,,,,,,,,,,,,,,,,,,,,"free_sample=""No"",is_assemble=""1"",warehouse_zipcode=""31513"",kitchen_cabinet_sort_order=""595""",999,,,,,,,,,,,,,,,,,,,,,,,,,,,,,,,,,,,,,,,
ASP-V3021,,Default,simple,Default Category/Shop Cabinets/Bathroom Cabinets/Aspen White,,"Aspen White Vanity- Cabinet 30""Wx21","Aspen White Vanity- Cabinet 30""Wx21""D it measures 30""WX21""DX34.5""H Sink Base",42,1,0,"Catalog, Search",631.43,271.5149,,,"aspen-white-vanity-cabinet-30""wx21-asp-v3021""",,,,,,,,,,,,,,,,,,,,,,"free_sample=""No"",is_assemble=""1"",warehouse_zipcode=""31513"",kitchen_cabinet_sort_order=""600""",999,,,,,,,,,,,,,,,,,,,,,,,,,,,,,,,,,,,,,,,
ASP-V3021D,,Default,simple,Default Category/Shop Cabinets/Bathroom Cabinets/Aspen White,,"Aspen White Vanity- Cabinet 30""Wx21""D with Drawer ","Aspen White Vanity- Cabinet 30""Wx21""D with Drawer it measures 30""WX21""DX34.5H with Dfrawers",44,1,0,"Catalog, Search",644.83,277.2769,,,"aspen-white-vanity-cabinet-30""wx21""d-with-drawer-asp-v3021d""",,,,,,,,,,,,,,,,,,,,,,"free_sample=""No"",is_assemble=""1"",warehouse_zipcode=""31513"",kitchen_cabinet_sort_order=""605""",999,,,,,,,,,,,,,,,,,,,,,,,,,,,,,,,,,,,,,,,
ASP-V3621,,Default,simple,Default Category/Shop Cabinets/Bathroom Cabinets/Aspen White,,"Aspen White Vanity- Cabinet 36""Wx21""D","Aspen White Vanity- Cabinet 36""Wx21""D it measures 36""WX21""DX34.5""H Sink Base",50,1,0,"Catalog, Search",797.2,342.796,,,"aspen-white-vanity-cabinet-36""wx21""d-asp-v3621""",,,,,,,,,,,,,,,,,,,,,,"free_sample=""No"",is_assemble=""1"",warehouse_zipcode=""31513"",kitchen_cabinet_sort_order=""610""",999,,,,,,,,,,,,,,,,,,,,,,,,,,,,,,,,,,,,,,,
ASP-V3621D,,Default,simple,Default Category/Shop Cabinets/Bathroom Cabinets/Aspen White,,"Aspen White Vanity- Cabinet 36""Wx21""D with Drawer","Aspen White Vanity- Cabinet 36""Wx21""D with Drawer it measures 36""WX21""DX34.5""H with Drawers",56,1,0,"Catalog, Search",824,354.32,,,"aspen-white-vanity-cabinet-36""wx21""d-with-drawer-asp-v3621d""",,,,,,,,,,,,,,,,,,,,,,"free_sample=""No"",is_assemble=""1"",warehouse_zipcode=""31513"",kitchen_cabinet_sort_order=""615""",999,,,,,,,,,,,,,,,,,,,,,,,,,,,,,,,,,,,,,,,
ASP-V4821DD,,Default,simple,Default Category/Shop Cabinets/Bathroom Cabinets/Aspen White,,"Aspen White Vanity- Cabinet 48""Wx21""Dx 34 1/2""H with Drawers","Aspen White Vanity- Cabinet 48""Wx21""D with Drawers it measures 24""WX21""DX34""H Sink Base",60,1,0,"Catalog, Search",1035.89,445.4327,,,"aspen-white-vanity-cabinet-48""wx21""dx-34-1/2""h-with-drawers-asp-v4821dd""",,,,,,,,,,,,,,,,,,,,,,"free_sample=""No"",is_assemble=""1"",warehouse_zipcode=""31513"",kitchen_cabinet_sort_order=""620""",999,,,,,,,,,,,,,,,,,,,,,,,,,,,,,,,,,,,,,,,
ASP-V6021DD,,Default,simple,Default Category/Shop Cabinets/Bathroom Cabinets/Aspen White,,"Aspen White Vanity- Cabinet 60""Wx21""D with Drawersx 34 1/2""H","Aspen White Vanity- Cabinet 60""Wx21""D with Drawers it measures 60""X21""DX34.5""H Sink Base",72,1,0,"Catalog, Search",1148.15,493.7045,,,"aspen-white-vanity-cabinet-60""wx21""d-with-drawersx-34-1/2""h-asp-v6021dd""",,,,,,,,,,,,,,,,,,,,,,"free_sample=""No"",is_assemble=""1"",warehouse_zipcode=""31513"",kitchen_cabinet_sort_order=""625""",999,,,,,,,,,,,,,,,,,,,,,,,,,,,,,,,,,,,,,,,
ASP-VDB1221,,Default,simple,Default Category/Shop Cabinets/Bathroom Cabinets/Aspen White,,"Aspen White Vanity- 3 Drawer Base 12'WX21""Dx34 1/2""H","Aspen White Vanity- 3 Drawer Base 12'WX21""D it measures 12""WX21""DX34.5""H has 3 drawers",34,1,0,"Catalog, Search",600.89,258.3827,,,"aspen-white-vanity-3-drawer-base-12'wx21""dx34-1/2""h-asp-vdb1221""",,,,,,,,,,,,,,,,,,,,,,"free_sample=""No"",is_assemble=""1"",warehouse_zipcode=""31513"",kitchen_cabinet_sort_order=""630""",999,,,,,,,,,,,,,,,,,,,,,,,,,,,,,,,,,,,,,,,
ASP-AG2418,,Default,simple,Default Category/Shop Cabinets/Kitchen Cabinets/Aspen White/Accessories,,"Aspen White- Appliance Garage 24""x18""","Aspen White- Appliance Garage 24""x18""",25,1,0,"Catalog, Search",373.04,160.4072,,,"aspen-white-appliance-garage-24""x18""-asp-ag2418""",,,,,,,,,,,,,,,,,,,,,,"free_sample=""No"",is_assemble=""1"",warehouse_zipcode=""31513"",kitchen_cabinet_sort_order=""635""",999,,,,,,,,,,,,,,,,,,,,,,,,,,,,,,,,,,,,,,,
ASP-CBLPN2,,Default,simple,Default Category/Shop Cabinets/Kitchen Cabinets/Aspen White/Accessories,,Aspen White- Corbel,"Aspen White Corbel 2 is 4 3/4""w x 5""d x 9 1/2"".",6,1,0,"Catalog, Search",203.33,87.4319,,,"aspen-white-corbel-asp-cblpn2""",,,,,,,,,,,,,,,,,,,,,,"free_sample=""No"",is_assemble=""1"",warehouse_zipcode=""31513"",kitchen_cabinet_sort_order=""640""",999,,,,,,,,,,,,,,,,,,,,,,,,,,,,,,,,,,,,,,,
ASP-CBLPN3,,Default,simple,Default Category/Shop Cabinets/Kitchen Cabinets/Aspen White/Accessories,,Aspen White- Corbel,"Aspen WhiteCorbel 3 is 6 1/4""w x 6 1/2""d x 13 1/4"".",6,1,0,"Catalog, Search",281.32,120.9676,,,"aspen-white-corbel-asp-cblpn3""",,,,,,,,,,,,,,,,,,,,,,"free_sample=""No"",is_assemble=""1"",warehouse_zipcode=""31513"",kitchen_cabinet_sort_order=""645""",999,,,,,,,,,,,,,,,,,,,,,,,,,,,,,,,,,,,,,,,
ASP-LWR3015,,Default,simple,Default Category/Shop Cabinets/Kitchen Cabinets/Aspen White/Accessories,,"Aspen White- Lattice Wine Rack 30""x15""","Aspen WhiteLattice Wine Rack. It measures 30""h x 15""w x 12""d. It can hold 11 bottles at a 3.75"" diameter.",20,1,0,"Catalog, Search",294.76,126.7468,,,"aspen-white-lattice-wine-rack-30""x15""-asp-lwr3015""",,,,,,,,,,,,,,,,,,,,,,"free_sample=""No"",is_assemble=""1"",warehouse_zipcode=""31513"",kitchen_cabinet_sort_order=""650""",999,,,,,,,,,,,,,,,,,,,,,,,,,,,,,,,,,,,,,,,
ASP-MD1530,,Default,simple,Default Category/Shop Cabinets/Kitchen Cabinets/Aspen White/Accessories,,"Aspen White- Mullion Door 15""x30""","Aspen White- Mullion Door 15""x30"" fits only 15'WX30""H Cabinet",4,0,0,Not Visible Individually,0,0,,,"aspen-white-mullion-door-15""x30""-asp-md1530""",,,,,,,,,,,,,,,,,,,,,,"free_sample=""No"",is_assemble=""1"",warehouse_zipcode=""31513"",kitchen_cabinet_sort_order=""655""",999,,,,,,,,,,,,,,,,,,,,,,,,,,,,,,,,,,,,,,,
ASP-MD1536,,Default,simple,Default Category/Shop Cabinets/Kitchen Cabinets/Aspen White/Accessories,,"Aspen White- Mullion Door 15""x36""","Aspen White- Mullion Door 15""x36"" fits only 15""WX36""H Cabinet",5,0,0,Not Visible Individually,0,0,,,"aspen-white-mullion-door-15""x36""-asp-md1536""",,,,,,,,,,,,,,,,,,,,,,"free_sample=""No"",is_assemble=""1"",warehouse_zipcode=""31513"",kitchen_cabinet_sort_order=""660""",999,,,,,,,,,,,,,,,,,,,,,,,,,,,,,,,,,,,,,,,
ASP-MD1542,,Default,simple,Default Category/Shop Cabinets/Kitchen Cabinets/Aspen White/Accessories,,"Aspen White- Mullion Door 15""x42""","Aspen White- Mullion Door 15""x42"" fits only 15""WX42""H Cabinet",6,0,0,Not Visible Individually,0,0,,,"aspen-white-mullion-door-15""x42""-asp-md1542""",,,,,,,,,,,,,,,,,,,,,,"free_sample=""No"",is_assemble=""1"",warehouse_zipcode=""31513"",kitchen_cabinet_sort_order=""665""",999,,,,,,,,,,,,,,,,,,,,,,,,,,,,,,,,,,,,,,,
ASP-MD1830,,Default,simple,Default Category/Shop Cabinets/Kitchen Cabinets/Aspen White/Accessories,,"Aspen White- Mullion Door 18""x30""","Aspen White- Mullion Door 18""x30"" fits only 18""WX30""H Cabinet",7,0,0,Not Visible Individually,0,0,,,"aspen-white-mullion-door-18""x30""-asp-md1830""",,,,,,,,,,,,,,,,,,,,,,"free_sample=""No"",is_assemble=""1"",warehouse_zipcode=""31513"",kitchen_cabinet_sort_order=""670""",999,,,,,,,,,,,,,,,,,,,,,,,,,,,,,,,,,,,,,,,
ASP-MD1836,,Default,simple,Default Category/Shop Cabinets/Kitchen Cabinets/Aspen White/Accessories,,"Aspen White- Mullion Door 18""x36""","Aspen White- Mullion Door 18""x30"" fits only 18""WX36""H Cabinet",8,0,0,Not Visible Individually,0,0,,,"aspen-white-mullion-door-18""x36""-asp-md1836""",,,,,,,,,,,,,,,,,,,,,,"free_sample=""No"",is_assemble=""1"",warehouse_zipcode=""31513"",kitchen_cabinet_sort_order=""675""",999,,,,,,,,,,,,,,,,,,,,,,,,,,,,,,,,,,,,,,,
ASP-MD2130,,Default,simple,Default Category/Shop Cabinets/Kitchen Cabinets/Aspen White/Accessories,,"Aspen White- Mullion Door 21""x30""","Aspen White- Mullion Door 21""x30"" fits only 21""WX30""H Cabinet",9,0,0,Not Visible Individually,0,0,,,"aspen-white-mullion-door-21""x30""-asp-md2130""",,,,,,,,,,,,,,,,,,,,,,"free_sample=""No"",is_assemble=""1"",warehouse_zipcode=""31513"",kitchen_cabinet_sort_order=""680""",999,,,,,,,,,,,,,,,,,,,,,,,,,,,,,,,,,,,,,,,
ASP-MD2136,,Default,simple,Default Category/Shop Cabinets/Kitchen Cabinets/Aspen White/Accessories,,"Aspen White- Mullion Door 21""x36""","Aspen White- Mullion Door 21""x36"" fits only 21""WX36""H Cabinet",10,0,0,Not Visible Individually,0,0,,,"aspen-white-mullion-door-21""x36""-asp-md2136""",,,,,,,,,,,,,,,,,,,,,,"free_sample=""No"",is_assemble=""1"",warehouse_zipcode=""31513"",kitchen_cabinet_sort_order=""685""",999,,,,,,,,,,,,,,,,,,,,,,,,,,,,,,,,,,,,,,,
ASP-MD2142,,Default,simple,Default Category/Shop Cabinets/Kitchen Cabinets/Aspen White/Accessories,,"Aspen White- Mullion Door 21""x42""","Aspen White- Mullion Door 21""x42"" fits only 21""WX42""H Cabinet",12,0,0,Not Visible Individually,0,0,,,"aspen-white-mullion-door-21""x42""-asp-md2142""",,,,,,,,,,,,,,,,,,,,,,"free_sample=""No"",is_assemble=""1"",warehouse_zipcode=""31513"",kitchen_cabinet_sort_order=""690""",999,,,,,,,,,,,,,,,,,,,,,,,,,,,,,,,,,,,,,,,
ASP-MD2430,,Default,simple,Default Category/Shop Cabinets/Kitchen Cabinets/Aspen White/Accessories,,"Aspen White- Mullion Door 24""x30""","Aspen White- Mullion Door 24""x30"" fits only 24""WX30""H Cabinet",14,0,0,Not Visible Individually,0,0,,,"aspen-white-mullion-door-24""x30""-asp-md2430""",,,,,,,,,,,,,,,,,,,,,,"free_sample=""No"",is_assemble=""1"",warehouse_zipcode=""31513"",kitchen_cabinet_sort_order=""695""",999,,,,,,,,,,,,,,,,,,,,,,,,,,,,,,,,,,,,,,,
ASP-MD2436,,Default,simple,Default Category/Shop Cabinets/Kitchen Cabinets/Aspen White/Accessories,,"Aspen White- Mullion Door 24""x36""","Aspen White- Mullion Door 24""x36"" fits only 24""WX36""H Cabinet",15,0,0,Not Visible Individually,0,0,,,"aspen-white-mullion-door-24""x36""-asp-md2436""",,,,,,,,,,,,,,,,,,,,,,"free_sample=""No"",is_assemble=""1"",warehouse_zipcode=""31513"",kitchen_cabinet_sort_order=""700""",999,,,,,,,,,,,,,,,,,,,,,,,,,,,,,,,,,,,,,,,
ASP-MD2442,,Default,simple,Default Category/Shop Cabinets/Kitchen Cabinets/Aspen White/Accessories,,"Aspen White- Mullion Door 24""x42""","Aspen White- Mullion Door 24""x42"" fits only 24""WX42""H Cabinet",16,0,0,Not Visible Individually,0,0,,,"aspen-white-mullion-door-24""x42""-asp-md2442""",,,,,,,,,,,,,,,,,,,,,,"free_sample=""No"",is_assemble=""1"",warehouse_zipcode=""31513"",kitchen_cabinet_sort_order=""705""",999,,,,,,,,,,,,,,,,,,,,,,,,,,,,,,,,,,,,,,,
ASP-MD3030,,Default,simple,Default Category/Shop Cabinets/Kitchen Cabinets/Aspen White/Accessories,,"Aspen White- Mullion Door 30""x30""","Aspen White- Mullion Door 30""x30"" fits only 30""WX30""H Cabinet",22,0,0,Not Visible Individually,0,0,,,"aspen-white-mullion-door-30""x30""-asp-md3030""",,,,,,,,,,,,,,,,,,,,,,"free_sample=""No"",is_assemble=""1"",warehouse_zipcode=""31513"",kitchen_cabinet_sort_order=""710""",999,,,,,,,,,,,,,,,,,,,,,,,,,,,,,,,,,,,,,,,
ASP-MD3036,,Default,simple,Default Category/Shop Cabinets/Kitchen Cabinets/Aspen White/Accessories,,"Aspen White- Mullion Door 30""x36""","Aspen White- Mullion Door 30""x36"" fits only 30""WX36""H Cabinet",24,0,0,Not Visible Individually,0,0,,,"aspen-white-mullion-door-30""x36""-asp-md3036""",,,,,,,,,,,,,,,,,,,,,,"free_sample=""No"",is_assemble=""1"",warehouse_zipcode=""31513"",kitchen_cabinet_sort_order=""715""",999,,,,,,,,,,,,,,,,,,,,,,,,,,,,,,,,,,,,,,,
ASP-MD3042,,Default,simple,Default Category/Shop Cabinets/Kitchen Cabinets/Aspen White/Accessories,,"Aspen White- Mullion Door 30""x42""","Aspen White- Mullion Door 30""x42"" fits only 30""HW42""H Cabinet",26,0,0,Not Visible Individually,0,0,,,"aspen-white-mullion-door-30""x42""-asp-md3042""",,,,,,,,,,,,,,,,,,,,,,"free_sample=""No"",is_assemble=""1"",warehouse_zipcode=""31513"",kitchen_cabinet_sort_order=""720""",999,,,,,,,,,,,,,,,,,,,,,,,,,,,,,,,,,,,,,,,
ASP-MD3630,,Default,simple,Default Category/Shop Cabinets/Kitchen Cabinets/Aspen White/Accessories,,"Aspen White- Mullion Door 36""x30""","Aspen White- Mullion Door 36""x30"" fits only 36""WX30""H Cabinet",28,0,0,Not Visible Individually,0,0,,,"aspen-white-mullion-door-36""x30""-asp-md3630""",,,,,,,,,,,,,,,,,,,,,,"free_sample=""No"",is_assemble=""1"",warehouse_zipcode=""31513"",kitchen_cabinet_sort_order=""725""",999,,,,,,,,,,,,,,,,,,,,,,,,,,,,,,,,,,,,,,,
ASP-MD3636,,Default,simple,Default Category/Shop Cabinets/Kitchen Cabinets/Aspen White/Accessories,,"Aspen White- Mullion Door 30""x36""","Aspen White- Mullion Door 30""x36"" fits only 30""WX36""H Cabinet",30,0,0,Not Visible Individually,0,0,,,"aspen-white-mullion-door-30""x36""-asp-md3636""",,,,,,,,,,,,,,,,,,,,,,"free_sample=""No"",is_assemble=""1"",warehouse_zipcode=""31513"",kitchen_cabinet_sort_order=""730""",999,,,,,,,,,,,,,,,,,,,,,,,,,,,,,,,,,,,,,,,
ASP-MD3642,,Default,simple,Default Category/Shop Cabinets/Kitchen Cabinets/Aspen White/Accessories,,"Aspen White- Mullion Door 36""x42""","Aspen White- Mullion Door 30""x42"" fits only 30""WX42""H Cabinet",32,0,0,Not Visible Individually,0,0,,,"aspen-white-mullion-door-36""x42""-asp-md3642""",,,,,,,,,,,,,,,,,,,,,,"free_sample=""No"",is_assemble=""1"",warehouse_zipcode=""31513"",kitchen_cabinet_sort_order=""735""",999,,,,,,,,,,,,,,,,,,,,,,,,,,,,,,,,,,,,,,,
ASP-MDWDC30,,Default,simple,Default Category/Shop Cabinets/Kitchen Cabinets/Aspen White/Accessories,,"Aspen White-  WDC Mullion Door 30""","Aspen White-  WDC Mullion Door 30"" fits only WDC 30"" Cabinet",22,1,0,"Catalog, Search",243.26,104.6018,,,"aspen-white--wdc-mullion-door-30""-asp-mdwdc30""",,,,,,,,,,,,,,,,,,,,,,"free_sample=""No"",is_assemble=""1"",warehouse_zipcode=""31513"",kitchen_cabinet_sort_order=""740""",999,,,,,,,,,,,,,,,,,,,,,,,,,,,,,,,,,,,,,,,
ASP-MDWDC36,,Default,simple,Default Category/Shop Cabinets/Kitchen Cabinets/Aspen White/Accessories,,"Aspen White-  WDC Mullion Door 36""","Aspen White-  WDC Mullion Door 36"" fits only WDC 36"" Cabinet",24,1,0,"Catalog, Search",287.57,123.6551,,,"aspen-white--wdc-mullion-door-36""-asp-mdwdc36""",,,,,,,,,,,,,,,,,,,,,,"free_sample=""No"",is_assemble=""1"",warehouse_zipcode=""31513"",kitchen_cabinet_sort_order=""745""",999,,,,,,,,,,,,,,,,,,,,,,,,,,,,,,,,,,,,,,,
ASP-MDWDC42,,Default,simple,Default Category/Shop Cabinets/Kitchen Cabinets/Aspen White/Accessories,,"Aspen White-  WDC Mullion Door 42""","Aspen White-  WDC Mullion Door 42"" fits only WDC 42"" Cabinet",26,1,0,"Catalog, Search",338.39,145.5077,,,"aspen-white--wdc-mullion-door-42""-asp-mdwdc42""",,,,,,,,,,,,,,,,,,,,,,"free_sample=""No"",is_assemble=""1"",warehouse_zipcode=""31513"",kitchen_cabinet_sort_order=""750""",999,,,,,,,,,,,,,,,,,,,,,,,,,,,,,,,,,,,,,,,
ASP-PR3015,,Default,simple,Default Category/Shop Cabinets/Kitchen Cabinets/Aspen White/Accessories,,"Aspen White-  Plate Rack 30""x15""","Aspen White-  Plate Rack 30""x15"" it measures 30""WX15""H",22,1,0,"Catalog, Search",303.95,130.6985,,,"aspen-white--plate-rack-30""x15""-asp-pr3015""",,,,,,,,,,,,,,,,,,,,,,"free_sample=""No"",is_assemble=""1"",warehouse_zipcode=""31513"",kitchen_cabinet_sort_order=""755""",999,,,,,,,,,,,,,,,,,,,,,,,,,,,,,,,,,,,,,,,
ASP-RHF30,,Default,simple,Default Category/Shop Cabinets/Kitchen Cabinets/Aspen White/Accessories,,"Aspen White-  Range Hood Front 30""  ","Aspen White30"" Range Hood Front It measures 30""w x 8""d x 23.5""h. It must be installed between two cabinets for support. A metal liner is required.",20,1,0,"Catalog, Search",384.97,165.5371,,,"aspen-white--range-hood-front-30""--asp-rhf30""",,,,,,,,,,,,,,,,,,,,,,"free_sample=""No"",is_assemble=""1"",warehouse_zipcode=""31513"",kitchen_cabinet_sort_order=""760""",999,,,,,,,,,,,,,,,,,,,,,,,,,,,,,,,,,,,,,,,
ASP-RHF36,,Default,simple,Default Category/Shop Cabinets/Kitchen Cabinets/Aspen White/Accessories,,"Aspen White-  Range Hood Front 36""  ","Aspen White 36"" Range Hood Front It measures 36""w x 8""d x 23.5""h. It must be installed between two cabinets for support. A metal liner is required.",24,1,0,"Catalog, Search",431.72,185.6396,,,"aspen-white--range-hood-front-36""--asp-rhf36""",,,,,,,,,,,,,,,,,,,,,,"free_sample=""No"",is_assemble=""1"",warehouse_zipcode=""31513"",kitchen_cabinet_sort_order=""765""",999,,,,,,,,,,,,,,,,,,,,,,,,,,,,,,,,,,,,,,,
ASP-RHF42,,Default,simple,Default Category/Shop Cabinets/Kitchen Cabinets/Aspen White/Accessories,,"Aspen White-  Range Hood Front 42""  ","Aspen White42"" Range Hood Front It measures 42""w x 8""d x 23.5""h. It must be installed between two cabinets for support. A metal liner is required.",28,0,0,Not Visible Individually,0,0,,,"aspen-white--range-hood-front-42""--asp-rhf42""",,,,,,,,,,,,,,,,,,,,,,"free_sample=""No"",is_assemble=""1"",warehouse_zipcode=""31513"",kitchen_cabinet_sort_order=""770""",999,,,,,,,,,,,,,,,,,,,,,,,,,,,,,,,,,,,,,,,
ASP-ROT15,,Default,simple,Default Category/Shop Cabinets/Kitchen Cabinets/Aspen White/Accessories,,"Aspen White-  Roll Out Tray 15""","Aspen White-  Roll Out Tray 15"" fits 15"" Cabinets",12,1,0,"Catalog, Search",73.33,31.5319,,,"aspen-white--roll-out-tray-15""-asp-rot15""",,,,,,,,,,,,,,,,,,,,,,"free_sample=""No"",is_assemble=""1"",warehouse_zipcode=""31513"",kitchen_cabinet_sort_order=""775""",999,,,,,,,,,,,,,,,,,,,,,,,,,,,,,,,,,,,,,,,
ASP-ROT18,,Default,simple,Default Category/Shop Cabinets/Kitchen Cabinets/Aspen White/Accessories,,"Aspen White-  Roll Out Tray 18""","Aspen White-  Roll Out Tray 18"" fits 18"" Cabients",15,1,0,"Catalog, Search",79.34,34.1162,,,"aspen-white--roll-out-tray-18""-asp-rot18""",,,,,,,,,,,,,,,,,,,,,,"free_sample=""No"",is_assemble=""1"",warehouse_zipcode=""31513"",kitchen_cabinet_sort_order=""780""",999,,,,,,,,,,,,,,,,,,,,,,,,,,,,,,,,,,,,,,,
ASP-ROT21,,Default,simple,Default Category/Shop Cabinets/Kitchen Cabinets/Aspen White/Accessories,,"Aspen White-  Roll Out Tray 21""","Aspen White-  Roll Out Tray 21"" fits 21"" Cabinets",18,1,0,"Catalog, Search",81.77,35.1611,,,"aspen-white--roll-out-tray-21""-asp-rot21""",,,,,,,,,,,,,,,,,,,,,,"free_sample=""No"",is_assemble=""1"",warehouse_zipcode=""31513"",kitchen_cabinet_sort_order=""785""",999,,,,,,,,,,,,,,,,,,,,,,,,,,,,,,,,,,,,,,,
ASP-TOT24,,Default,simple,Default Category/Shop Cabinets/Kitchen Cabinets/Aspen White/Accessories,,"Aspen White-  Roll Out Tray 24""","Aspen White-  Roll Out Tray 24"" fits 24"" Cabinets",21,1,0,"Catalog, Search",87.99,37.8357,,,"aspen-white--roll-out-tray-24""-asp-tot24""",,,,,,,,,,,,,,,,,,,,,,"free_sample=""No"",is_assemble=""1"",warehouse_zipcode=""31513"",kitchen_cabinet_sort_order=""790""",999,,,,,,,,,,,,,,,,,,,,,,,,,,,,,,,,,,,,,,,
ASP-ROT27,,Default,simple,Default Category/Shop Cabinets/Kitchen Cabinets/Aspen White/Accessories,,"Aspen White-  Roll Out Tray 27""","Aspen White-  Roll Out Tray 27"" fits 27"" Cabinets",24,1,0,"Catalog, Search",101.81,43.7783,,,"aspen-white--roll-out-tray-27""-asp-rot27""",,,,,,,,,,,,,,,,,,,,,,"free_sample=""No"",is_assemble=""1"",warehouse_zipcode=""31513"",kitchen_cabinet_sort_order=""795""",999,,,,,,,,,,,,,,,,,,,,,,,,,,,,,,,,,,,,,,,
ASP-ROT30,,Default,simple,Default Category/Shop Cabinets/Kitchen Cabinets/Aspen White/Accessories,,"Aspen White-  Roll Out Tray 30""","Aspen White-  Roll Out Tray 30"" fits 30"" Cabinets",27,1,0,"Catalog, Search",148.34,63.7862,,,"aspen-white--roll-out-tray-30""-asp-rot30""",,,,,,,,,,,,,,,,,,,,,,"free_sample=""No"",is_assemble=""1"",warehouse_zipcode=""31513"",kitchen_cabinet_sort_order=""800""",999,,,,,,,,,,,,,,,,,,,,,,,,,,,,,,,,,,,,,,,
ASP-ROT33,,Default,simple,Default Category/Shop Cabinets/Kitchen Cabinets/Aspen White/Accessories,,"Aspen White-  Roll Out Tray 30""","Aspen White-  Roll Out Tray 33"" fits 33"" Cabinets",30,1,0,"Catalog, Search",161.49,69.4407,,,"aspen-white--roll-out-tray-30""-asp-rot33""",,,,,,,,,,,,,,,,,,,,,,"free_sample=""No"",is_assemble=""1"",warehouse_zipcode=""31513"",kitchen_cabinet_sort_order=""805""",999,,,,,,,,,,,,,,,,,,,,,,,,,,,,,,,,,,,,,,,
ASP-ROT36,,Default,simple,Default Category/Shop Cabinets/Kitchen Cabinets/Aspen White/Accessories,,"Aspen White-  Roll Out Tray 36""","Aspen White-  Roll Out Tray 36"" fits 36"" Cabinets",33,1,0,"Catalog, Search",170.39,73.2677,,,"aspen-white--roll-out-tray-36""-asp-rot36""",,,,,,,,,,,,,,,,,,,,,,"free_sample=""No"",is_assemble=""1"",warehouse_zipcode=""31513"",kitchen_cabinet_sort_order=""810""",999,,,,,,,,,,,,,,,,,,,,,,,,,,,,,,,,,,,,,,,
ASP-SGH,,Default,simple,Default Category/Shop Cabinets/Kitchen Cabinets/Aspen White/Accessories,,Aspen White-  Stem Glass Holder,"Aspen White-  Stem Glass Holder Stem Glass Holder. It measures 30""w x 12""d x 2""h. It is made of solid wood. It can be mounted and can be cut to fit smaller cabinets.",10,1,0,"Catalog, Search",249.69,107.3667,,,"aspen-white--stem-glass-holder-asp-sgh""",,,,,,,,,,,,,,,,,,,,,,"free_sample=""No"",is_assemble=""1"",warehouse_zipcode=""31513"",kitchen_cabinet_sort_order=""815""",999,,,,,,,,,,,,,,,,,,,,,,,,,,,,,,,,,,,,,,,
ASP-VA48,,Default,simple,Default Category/Shop Cabinets/Kitchen Cabinets/Aspen White/Accessories,,"Aspen White-  Arched Valance 48""","Aspen White-  Arched Valance 48"" it measures 48""L",4,1,0,"Catalog, Search",166.66,71.6638,,,"aspen-white--arched-valance-48""-asp-va48""",,,,,,,,,,,,,,,,,,,,,,"free_sample=""No"",is_assemble=""1"",warehouse_zipcode=""31513"",kitchen_cabinet_sort_order=""820""",999,,,,,,,,,,,,,,,,,,,,,,,,,,,,,,,,,,,,,,,
ASP-UCD30,,Default,simple,Default Category/Shop Cabinets/Kitchen Cabinets/Aspen White/Accessories,,"Aspen White- Under Cabinet Drawer 30""","Aspen White- Under Cabinet Drawer 30"" fits under a 30"" Cabinet",18,1,0,"Catalog, Search",221.68,95.3224,,,"aspen-white-under-cabinet-drawer-30""-asp-ucd30""",,,,,,,,,,,,,,,,,,,,,,"free_sample=""No"",is_assemble=""1"",warehouse_zipcode=""31513"",kitchen_cabinet_sort_order=""825""",999,,,,,,,,,,,,,,,,,,,,,,,,,,,,,,,,,,,,,,,
ASP-UCD36,,Default,simple,Default Category/Shop Cabinets/Kitchen Cabinets/Aspen White/Accessories,,"Aspen White- Under Cabinet Drawer 36""","Aspen White- Under Cabinet Drawer 36"" fits under a 36"" Cabinet",22,1,0,"Catalog, Search",251.45,108.1235,,,"aspen-white-under-cabinet-drawer-36""-asp-ucd36""",,,,,,,,,,,,,,,,,,,,,,"free_sample=""No"",is_assemble=""1"",warehouse_zipcode=""31513"",kitchen_cabinet_sort_order=""830""",999,,,,,,,,,,,,,,,,,,,,,,,,,,,,,,,,,,,,,,,
ASP-DD,,Default,simple,Default Category/Shop Cabinets/Kitchen Cabinets/Aspen White/Accessories,,Aspen White-  Display door,Aspen White-  Display door,8,1,0,"Catalog, Search",40,17.2,,,"aspen-white--display-door-asp-dd""",,,,,,,,,,,,,,,,,,,,,,"free_sample=""No"",is_assemble=""1"",warehouse_zipcode=""31513"",kitchen_cabinet_sort_order=""835""",999,,,,,,,,,,,,,,,,,,,,,,,,,,,,,,,,,,,,,,,
ASP-TOUCHUP,,Default,simple,Default Category/Shop Cabinets/Kitchen Cabinets/Aspen White/Accessories,,Aspen White-  Touch Up Kit,Aspen White-  Touch Up Kit,1,1,0,"Catalog, Search",79.96,34.3828,,,"aspen-white--touch-up-kit-asp-touchup""",,,,,,,,,,,,,,,,,,,,,,"free_sample=""No"",is_assemble=""1"",warehouse_zipcode=""31513"",kitchen_cabinet_sort_order=""840""",999,,,,,,,,,,,,,,,,,,,,,,,,,,,,,,,,,,,,,,,
ASP-SCH,,Default,simple,Default Category/Shop Cabinets/Kitchen Cabinets/Aspen White/Accessories,,Aspen White- Soft Close Door Hinge,Aspen White- Soft Close Door Hinge,1,1,0,"Catalog, Search",9,3.87,,,"aspen-white-soft-close-door-hinge-asp-sch""",,,,,,,,,,,,,,,,,,,,,,"free_sample=""No"",is_assemble=""1"",warehouse_zipcode=""31513"",kitchen_cabinet_sort_order=""845""",999,,,,,,,,,,,,,,,,,,,,,,,,,,,,,,,,,,,,,,,
ASP-SMSCDG,,Default,simple,Default Category/Shop Cabinets/Kitchen Cabinets/Aspen White/Accessories,,Aspen White- Side Mount Soft Close Drawer Glide,Aspen White- Side Mount Soft Close Drawer Glide,2,1,0,"Catalog, Search",79.96,34.3828,,,"aspen-white-side-mount-soft-close-drawer-glide-asp-smscdg""",,,,,,,,,,,,,,,,,,,,,,"free_sample=""No"",is_assemble=""1"",warehouse_zipcode=""31513"",kitchen_cabinet_sort_order=""850""",999,,,,,,,,,,,,,,,,,,,,,,,,,,,,,,,,,,,,,,,
ASP-BEP3,,Default,simple,Default Category/Shop Cabinets/Kitchen Cabinets/Aspen White/Accessories,,Aspen White- Base End Panel/ Dishwasher Panel,Aspen White- Base End Panel/ Dishwasher Panel,14,1,0,"Catalog, Search",108.57,46.6851,,,"aspen-white-base-end-panel/-dishwasher-panel-asp-bep3""",,,,,,,,,,,,,,,,,,,,,,"free_sample=""No"",is_assemble=""1"",warehouse_zipcode=""31513"",kitchen_cabinet_sort_order=""855""",999,,,,,,,,,,,,,,,,,,,,,,,,,,,,,,,,,,,,,,,
ASP-BF3,,Default,simple,Default Category/Shop Cabinets/Kitchen Cabinets/Aspen White/Accessories,,"Aspen White- Base filler 3""W","Aspen White- Base filler 3""W it is 3""WX 34.5""H",2,1,0,"Catalog, Search",33.01,14.1943,,,"aspen-white-base-filler-3""w-asp-bf3""",,,,,,,,,,,,,,,,,,,,,,"free_sample=""No"",is_assemble=""1"",warehouse_zipcode=""31513"",kitchen_cabinet_sort_order=""860""",999,,,,,,,,,,,,,,,,,,,,,,,,,,,,,,,,,,,,,,,
ASP-BF6,,Default,simple,Default Category/Shop Cabinets/Kitchen Cabinets/Aspen White/Accessories,,"Aspen White- Base filler 6""W","Aspen White- Base filler 6""W it is 6""WX34.5""H",4,1,0,"Catalog, Search",66.28,28.5004,,,"aspen-white-base-filler-6""w-asp-bf6""",,,,,,,,,,,,,,,,,,,,,,"free_sample=""No"",is_assemble=""1"",warehouse_zipcode=""31513"",kitchen_cabinet_sort_order=""865""",999,,,,,,,,,,,,,,,,,,,,,,,,,,,,,,,,,,,,,,,
ASP-BFF3,,Default,simple,Default Category/Shop Cabinets/Kitchen Cabinets/Aspen White/Accessories,,"Aspen White- Base filler Flutted 3"" W","Aspen White- Base filler Flutted 3"" W it is 3""WX34.5""H",2,1,0,"Catalog, Search",51.1,21.973,,,"aspen-white-base-filler-flutted-3""-w-asp-bff3""",,,,,,,,,,,,,,,,,,,,,,"free_sample=""No"",is_assemble=""1"",warehouse_zipcode=""31513"",kitchen_cabinet_sort_order=""870""",999,,,,,,,,,,,,,,,,,,,,,,,,,,,,,,,,,,,,,,,
ASP-BFF6,,Default,simple,Default Category/Shop Cabinets/Kitchen Cabinets/Aspen White/Accessories,,"Aspen White- Base filler Flutted 6"" W","Aspen White- Base filler Flutted 6"" W it is 6""WX34.5""H",4,1,0,"Catalog, Search",86.71,37.2853,,,"aspen-white-base-filler-flutted-6""-w-asp-bff6""",,,,,,,,,,,,,,,,,,,,,,"free_sample=""No"",is_assemble=""1"",warehouse_zipcode=""31513"",kitchen_cabinet_sort_order=""875""",999,,,,,,,,,,,,,,,,,,,,,,,,,,,,,,,,,,,,,,,
ASP-BM8,,Default,simple,Default Category/Shop Cabinets/Kitchen Cabinets/Aspen White/Accessories,,Aspen White- Batten Molding,Aspen White- Batten Molding,4,1,0,"Catalog, Search",61.78,26.5654,,,"aspen-white-batten-molding-asp-bm8""",,,,,,,,,,,,,,,,,,,,,,"free_sample=""No"",is_assemble=""1"",warehouse_zipcode=""31513"",kitchen_cabinet_sort_order=""880""",999,,,,,,,,,,,,,,,,,,,,,,,,,,,,,,,,,,,,,,,
ASP-DP1230,,Default,simple,Default Category/Shop Cabinets/Kitchen Cabinets/Aspen White/Accessories,,"Aspen White- Decorative Panel 12""x30""","Aspen White- Decorative Panel 12""x30"" end panel measures 12""WX30""H",6,1,0,"Catalog, Search",109.54,47.1022,,,"aspen-white-decorative-panel-12""x30""-asp-dp1230""",,,,,,,,,,,,,,,,,,,,,,"free_sample=""No"",is_assemble=""1"",warehouse_zipcode=""31513"",kitchen_cabinet_sort_order=""885""",999,,,,,,,,,,,,,,,,,,,,,,,,,,,,,,,,,,,,,,,
ASP-DP1236,,Default,simple,Default Category/Shop Cabinets/Kitchen Cabinets/Aspen White/Accessories,,"Aspen White- Decorative Panel 12""x36""","Aspen White- Decorative Panel 12""x36"" end panel measures 12""WX36""H",8,1,0,"Catalog, Search",124.91,53.7113,,,"aspen-white-decorative-panel-12""x36""-asp-dp1236""",,,,,,,,,,,,,,,,,,,,,,"free_sample=""No"",is_assemble=""1"",warehouse_zipcode=""31513"",kitchen_cabinet_sort_order=""890""",999,,,,,,,,,,,,,,,,,,,,,,,,,,,,,,,,,,,,,,,
ASP-DP1242,,Default,simple,Default Category/Shop Cabinets/Kitchen Cabinets/Aspen White/Accessories,,"Aspen White- Decorative Panel 12""x30""","Aspen White- Decorative Panel 12""x42"" end panel measures 12""WX42""H",10,1,0,"Catalog, Search",153.55,66.0265,,,"aspen-white-decorative-panel-12""x30""-asp-dp1242""",,,,,,,,,,,,,,,,,,,,,,"free_sample=""No"",is_assemble=""1"",warehouse_zipcode=""31513"",kitchen_cabinet_sort_order=""895""",999,,,,,,,,,,,,,,,,,,,,,,,,,,,,,,,,,,,,,,,
ASP-DP2430,,Default,simple,Default Category/Shop Cabinets/Kitchen Cabinets/Aspen White/Accessories,,"Aspen White- Decorative Panel 12""x42""","Aspen White- Decorative Panel 24""X30"" end panel measures 24""WX30""h",12,1,0,"Catalog, Search",179.76,77.2968,,,"aspen-white-decorative-panel-12""x42""-asp-dp2430""",,,,,,,,,,,,,,,,,,,,,,"free_sample=""No"",is_assemble=""1"",warehouse_zipcode=""31513"",kitchen_cabinet_sort_order=""900""",999,,,,,,,,,,,,,,,,,,,,,,,,,,,,,,,,,,,,,,,
ASP-IS3696,,Default,simple,Default Category/Shop Cabinets/Kitchen Cabinets/Aspen White/Accessories,,Aspen White- Island Panel,"Aspen White Island Panel. It measures 36""h x 96""w x 1/4"" thick. The grian runs bottom to top.",15,1,0,"Catalog, Search",250.07,107.5301,,,"aspen-white-island-panel-asp-is3696""",,,,,,,,,,,,,,,,,,,,,,"free_sample=""No"",is_assemble=""1"",warehouse_zipcode=""31513"",kitchen_cabinet_sort_order=""905""",999,,,,,,,,,,,,,,,,,,,,,,,,,,,,,,,,,,,,,,,
ASP-LCM8,,Default,simple,Default Category/Shop Cabinets/Kitchen Cabinets/Aspen White/Accessories,,Aspen White- Crown Molding 8'L,"Aspen White- Crown Molding 8'L it measures 8' Long and 4""H",5,1,0,"Catalog, Search",165.69,71.2467,,,"aspen-white-crown-molding-8'l-asp-lcm8""",,,,,,,,,,,,,,,,,,,,,,"free_sample=""No"",is_assemble=""1"",warehouse_zipcode=""31513"",kitchen_cabinet_sort_order=""910""",999,,,,,,,,,,,,,,,,,,,,,,,,,,,,,,,,,,,,,,,
ASP-LRM8,,Default,simple,Default Category/Shop Cabinets/Kitchen Cabinets/Aspen White/Accessories,,Aspen White- Light Rail Moulding 8'L,Aspen White- Light Rail Moulding 8'L it measures 8' long,5,1,0,"Catalog, Search",143.39,61.6577,,,"aspen-white-light-rail-moulding-8'l-asp-lrm8""",,,,,,,,,,,,,,,,,,,,,,"free_sample=""No"",is_assemble=""1"",warehouse_zipcode=""31513"",kitchen_cabinet_sort_order=""915""",999,,,,,,,,,,,,,,,,,,,,,,,,,,,,,,,,,,,,,,,
ASP-OCS8,,Default,simple,Default Category/Shop Cabinets/Kitchen Cabinets/Aspen White/Accessories,,Aspen White- Outside corner Molding 8'L,Aspen White- Outside corner Molding 8'L it measures 8' lomg,3,1,0,"Catalog, Search",45.36,19.5048,,,"aspen-white-outside-corner-molding-8'l-asp-ocs8""",,,,,,,,,,,,,,,,,,,,,,"free_sample=""No"",is_assemble=""1"",warehouse_zipcode=""31513"",kitchen_cabinet_sort_order=""920""",999,,,,,,,,,,,,,,,,,,,,,,,,,,,,,,,,,,,,,,,
ASP-REP9624,,Default,simple,Default Category/Shop Cabinets/Kitchen Cabinets/Aspen White/Accessories,,"Aspen White- refrigerator End Panel 24""x96""","Aspen White- refrigerator End Panel 24""x96"" it meassures 24""WX96""L",44,1,0,"Catalog, Search",224.07,96.3501,,,"aspen-white-refrigerator-end-panel-24""x96""-asp-rep9624""",,,,,,,,,,,,,,,,,,,,,,"free_sample=""No"",is_assemble=""1"",warehouse_zipcode=""31513"",kitchen_cabinet_sort_order=""925""",999,,,,,,,,,,,,,,,,,,,,,,,,,,,,,,,,,,,,,,,
ASP-ROPE8,,Default,simple,Default Category/Shop Cabinets/Kitchen Cabinets/Aspen White/Accessories,,Aspen White- rope Molding 8' L,Aspen White- rope Molding 8' L it is 8' long,3,1,0,"Catalog, Search",65.81,28.2983,,,"aspen-white-rope-molding-8'-l-asp-rope8""",,,,,,,,,,,,,,,,,,,,,,"free_sample=""No"",is_assemble=""1"",warehouse_zipcode=""31513"",kitchen_cabinet_sort_order=""930""",999,,,,,,,,,,,,,,,,,,,,,,,,,,,,,,,,,,,,,,,
ASP-SM8,,Default,simple,Default Category/Shop Cabinets/Kitchen Cabinets/Aspen White/Accessories,,Aspen White- Scribe Molding 8'L,Aspen White- Scribe Molding 8'L it is 8' long,3,1,0,"Catalog, Search",34.9,15.007,,,"aspen-white-scribe-molding-8'l-asp-sm8""",,,,,,,,,,,,,,,,,,,,,,"free_sample=""No"",is_assemble=""1"",warehouse_zipcode=""31513"",kitchen_cabinet_sort_order=""935""",999,,,,,,,,,,,,,,,,,,,,,,,,,,,,,,,,,,,,,,,
ASP-SPW,,Default,simple,Default Category/Shop Cabinets/Kitchen Cabinets/Aspen White/Accessories,,Aspen White- Stained Plywood,"Aspen White- Stained Plywood it measures 3'WX8'HX3/4"" Thick. Grain runs lengthwise of sheet.",24,1,0,"Catalog, Search",207.65,89.2895,,,"aspen-white-stained-plywood-asp-spw""",,,,,,,,,,,,,,,,,,,,,,"free_sample=""No"",is_assemble=""1"",warehouse_zipcode=""31513"",kitchen_cabinet_sort_order=""940""",999,,,,,,,,,,,,,,,,,,,,,,,,,,,,,,,,,,,,,,,
ASP-TF396,,Default,simple,Default Category/Shop Cabinets/Kitchen Cabinets/Aspen White/Accessories,,"Aspen White- Tall fille  3""x96""","Aspen White- Tall filler  3""x96"" it measures 3'WX8'Tall",6,1,0,"Catalog, Search",153.17,65.8631,,,"aspen-white-tall-fille-3""x96""-asp-tf396""",,,,,,,,,,,,,,,,,,,,,,"free_sample=""No"",is_assemble=""1"",warehouse_zipcode=""31513"",kitchen_cabinet_sort_order=""945""",999,,,,,,,,,,,,,,,,,,,,,,,,,,,,,,,,,,,,,,,
ASP-TFF396,,Default,simple,Default Category/Shop Cabinets/Kitchen Cabinets/Aspen White/Accessories,,"Aspen White- Tall filler fluted 3""x96""","Aspen White- Tall filler fluted 3""x96"" it measures 3'W by 8'Tall",6,1,0,"Catalog, Search",172.54,74.1922,,,"aspen-white-tall-filler-fluted-3""x96""-asp-tff396""",,,,,,,,,,,,,,,,,,,,,,"free_sample=""No"",is_assemble=""1"",warehouse_zipcode=""31513"",kitchen_cabinet_sort_order=""950""",999,,,,,,,,,,,,,,,,,,,,,,,,,,,,,,,,,,,,,,,
ASP-TK8,,Default,simple,Default Category/Shop Cabinets/Kitchen Cabinets/Aspen White/Accessories,,Aspen White- Toe Kick 8'L,Aspen White- Toe Kick 8'L it measures 8' long,4,1,0,"Catalog, Search",64.64,27.7952,,,"aspen-white-toe-kick-8'l-asp-tk8""",,,,,,,,,,,,,,,,,,,,,,"free_sample=""No"",is_assemble=""1"",warehouse_zipcode=""31513"",kitchen_cabinet_sort_order=""955""",999,,,,,,,,,,,,,,,,,,,,,,,,,,,,,,,,,,,,,,,
ASP-WEP1542,,Default,simple,Default Category/Shop Cabinets/Kitchen Cabinets/Aspen White/Accessories,,"Aspen White- Wall end Panel 15""x42""","Aspen White- Wall end Panel 15""x42"" it measures 15""WX42""H",14,1,0,"Catalog, Search",161.66,69.5138,,,"aspen-white-wall-end-panel-15""x42""-asp-wep1542""",,,,,,,,,,,,,,,,,,,,,,"free_sample=""No"",is_assemble=""1"",warehouse_zipcode=""31513"",kitchen_cabinet_sort_order=""960""",999,,,,,,,,,,,,,,,,,,,,,,,,,,,,,,,,,,,,,,,
ASP-WF342,,Default,simple,Default Category/Shop Cabinets/Kitchen Cabinets/Aspen White/Accessories,,"Aspen White- Wall filler 3""x42""","Aspen White- Wall filler 3""x42"" it measures 3""WX42""H",4,1,0,"Catalog, Search",14.53,6.2479,,,"aspen-white-wall-filler-3""x42""-asp-wf342""",,,,,,,,,,,,,,,,,,,,,,"free_sample=""No"",is_assemble=""1"",warehouse_zipcode=""31513"",kitchen_cabinet_sort_order=""965""",999,,,,,,,,,,,,,,,,,,,,,,,,,,,,,,,,,,,,,,,
ASP-WF396,,Default,simple,Default Category/Shop Cabinets/Kitchen Cabinets/Aspen White/Accessories,,"Aspen White- Wall Filler 3""X96""","Aspen White- Wall Filler 3""X96"" it measures 3""WX96""H",8,1,0,"Catalog, Search",153.17,65.8631,,,"aspen-white-wall-filler-3""x96""-asp-wf396""",,,,,,,,,,,,,,,,,,,,,,"free_sample=""No"",is_assemble=""1"",warehouse_zipcode=""31513"",kitchen_cabinet_sort_order=""970""",999,,,,,,,,,,,,,,,,,,,,,,,,,,,,,,,,,,,,,,,
ASP-WF642,,Default,simple,Default Category/Shop Cabinets/Kitchen Cabinets/Aspen White/Accessories,,"Aspen White- Wall Filler 6""X42""","Aspen White- Wall Filler 6""X42"" it measures 6""WX42""H",16,1,0,"Catalog, Search",77.32,33.2476,,,"aspen-white-wall-filler-6""x42""-asp-wf642""",,,,,,,,,,,,,,,,,,,,,,"free_sample=""No"",is_assemble=""1"",warehouse_zipcode=""31513"",kitchen_cabinet_sort_order=""975""",999,,,,,,,,,,,,,,,,,,,,,,,,,,,,,,,,,,,,,,,
ASP-WFF342,,Default,simple,Default Category/Shop Cabinets/Kitchen Cabinets/Aspen White/Accessories,,"Aspen White- Wall Filler Fluted 3""X42""","Aspen White- Wall Filler Fluted 3""X42"" it measures 3""wx42""h",4,1,0,"Catalog, Search",75.45,32.4435,,,"aspen-white-wall-filler-fluted-3""x42""-asp-wff342""",,,,,,,,,,,,,,,,,,,,,,"free_sample=""No"",is_assemble=""1"",warehouse_zipcode=""31513"",kitchen_cabinet_sort_order=""980""",999,,,,,,,,,,,,,,,,,,,,,,,,,,,,,,,,,,,,,,,
ASP-WFF396,,Default,simple,Default Category/Shop Cabinets/Kitchen Cabinets/Aspen White/Accessories,,"Aspen White- Wall Filler Fluted 3""X96""","Aspen White- Wall Filler Fluted 3""X96"" it measures 3""WX96""H",8,1,0,"Catalog, Search",165.98,71.3714,,,"aspen-white-wall-filler-fluted-3""x96""-asp-wff396""",,,,,,,,,,,,,,,,,,,,,,"free_sample=""No"",is_assemble=""1"",warehouse_zipcode=""31513"",kitchen_cabinet_sort_order=""985""",999,,,,,,,,,,,,,,,,,,,,,,,,,,,,,,,,,,,,,,,
ASP-WFF642,,Default,simple,Default Category/Shop Cabinets/Kitchen Cabinets/Aspen White/Accessories,,"Aspen White- Wall Filler Fluted 6""X42""","Aspen White- Wall Filler Fluted 6""X42"" it measures 6""WX42""H",16,1,0,"Catalog, Search",104.39,44.8877,,,"aspen-white-wall-filler-fluted-6""x42""-asp-wff642""",,,,,,,,,,,,,,,,,,,,,,"free_sample=""No"",is_assemble=""1"",warehouse_zipcode=""31513"",kitchen_cabinet_sort_order=""990""",999,,,,,,,,,,,,,,,,,,,,,,,,,,,,,,,,,,,,,,,
ASP-WS1542,,Default,simple,Default Category/Shop Cabinets/Kitchen Cabinets/Aspen White/Accessories,,"Aspen White- Wall Panel 15""x42""","Aspen White- Wall Panel 15""x42"" it measures 15""WX42""H",16,1,0,"Catalog, Search",92.99,39.9857,,,"aspen-white-wall-panel-15""x42""-asp-ws1542""",,,,,,,,,,,,,,,,,,,,,,"free_sample=""No"",is_assemble=""1"",warehouse_zipcode=""31513"",kitchen_cabinet_sort_order=""995""",999,,,,,,,,,,,,,,,,,,,,,,,,,,,,,,,,,,,,,,,
